"round","time","inoc","nutrient","replicate","chlorophyll"
1,1,"PAV","N",1,31.2
1,1,"PAV","N",1,23.2
1,1,"PAV","N",1,21.6
1,1,"PAV","N",2,38.3
1,1,"PAV","N",2,30.9
1,1,"PAV","N",2,15.4
1,1,"PAV","P",1,34.1
1,1,"PAV","P",1,22.1
1,1,"PAV","P",1,10.1
1,1,"PAV","P",2,43.2
1,1,"PAV","P",2,31.8
1,1,"PAV","P",2,24.8
1,1,"PAV","N+P",1,32.5
1,1,"PAV","N+P",1,26.6
1,1,"PAV","N+P",1,26.1
1,1,"PAV","N+P",2,39.7
1,1,"PAV","N+P",2,25.9
1,1,"PAV","N+P",2,28.8
1,1,"PAV","low",1,38.4
1,1,"PAV","low",1,28.6
1,1,"PAV","low",1,22.1
1,1,"PAV","low",2,17.3
1,1,"PAV","low",2,10.9
1,1,"PAV","low",2,17.6
1,1,"RPV","N",1,31.6
1,1,"RPV","N",1,27.1
1,1,"RPV","N",1,13.1
1,1,"RPV","N",2,40
1,1,"RPV","N",2,28.5
1,1,"RPV","N",2,25.4
1,1,"RPV","P",1,34
1,1,"RPV","P",1,24.7
1,1,"RPV","P",1,27.7
1,1,"RPV","P",2,33.4
1,1,"RPV","P",2,20.9
1,1,"RPV","P",2,22
1,1,"RPV","N+P",1,30.7
1,1,"RPV","N+P",1,29
1,1,"RPV","N+P",1,24.2
1,1,"RPV","N+P",2,31
1,1,"RPV","N+P",2,24.7
1,1,"RPV","N+P",2,21.7
1,1,"RPV","low",1,39.8
1,1,"RPV","low",1,32.6
1,1,"RPV","low",1,21.8
1,1,"RPV","low",2,36.7
1,1,"RPV","low",2,26.2
1,1,"RPV","low",2,25.1
1,1,"healthy","N",1,30.1
1,1,"healthy","N",1,29.2
1,1,"healthy","N",1,11.3
1,1,"healthy","N",2,43
1,1,"healthy","N",2,28.7
1,1,"healthy","N",2,19.8
1,1,"healthy","P",1,44.8
1,1,"healthy","P",1,31.9
1,1,"healthy","P",1,21
1,1,"healthy","P",2,43.3
1,1,"healthy","P",2,28.6
1,1,"healthy","P",2,12.2
1,1,"healthy","N+P",1,37.5
1,1,"healthy","N+P",1,22
1,1,"healthy","N+P",1,31.7
1,1,"healthy","N+P",2,38.7
1,1,"healthy","N+P",2,32.3
1,1,"healthy","N+P",2,20
1,1,"healthy","low",1,38.2
1,1,"healthy","low",1,33.7
1,1,"healthy","low",1,31.3
1,1,"healthy","low",2,28.5
1,1,"healthy","low",2,28.2
1,1,"healthy","low",2,20.7
1,1,"coinfection","N",1,42.1
1,1,"coinfection","N",1,32.1
1,1,"coinfection","N",1,28.7
1,1,"coinfection","N",2,37.1
1,1,"coinfection","N",2,27.5
1,1,"coinfection","N",2,23.6
1,1,"coinfection","P",1,26.2
1,1,"coinfection","P",1,30.5
1,1,"coinfection","P",1,20.2
1,1,"coinfection","P",2,41
1,1,"coinfection","P",2,28.1
1,1,"coinfection","P",2,30
1,1,"coinfection","N+P",1,40.1
1,1,"coinfection","N+P",1,29
1,1,"coinfection","N+P",1,18.3
1,1,"coinfection","N+P",2,40.3
1,1,"coinfection","N+P",2,35.4
1,1,"coinfection","N+P",2,34.5
1,1,"coinfection","low",1,38.7
1,1,"coinfection","low",1,31.2
1,1,"coinfection","low",1,28.3
1,1,"coinfection","low",2,38.6
1,1,"coinfection","low",2,29.5
1,1,"coinfection","low",2,27
1,2,"PAV","N",1,35
1,2,"PAV","N",1,31.9
1,2,"PAV","N",1,19.7
1,2,"PAV","N",2,17.2
1,2,"PAV","N",2,28.9
1,2,"PAV","N",2,24.9
1,2,"PAV","P",1,35
1,2,"PAV","P",1,25.4
1,2,"PAV","P",1,28
1,2,"PAV","P",2,23.4
1,2,"PAV","P",2,19.4
1,2,"PAV","P",2,21.3
1,2,"PAV","N+P",1,NA
1,2,"PAV","N+P",1,NA
1,2,"PAV","N+P",1,NA
1,2,"PAV","N+P",2,37.4
1,2,"PAV","N+P",2,27.4
1,2,"PAV","N+P",2,25.2
1,2,"PAV","low",1,21.1
1,2,"PAV","low",1,29.5
1,2,"PAV","low",1,29.7
1,2,"PAV","low",2,34.4
1,2,"PAV","low",2,26.7
1,2,"PAV","low",2,18.8
1,2,"RPV","N",1,32.8
1,2,"RPV","N",1,23.5
1,2,"RPV","N",1,19.7
1,2,"RPV","N",2,27.2
1,2,"RPV","N",2,25.7
1,2,"RPV","N",2,24.7
1,2,"RPV","P",1,33.7
1,2,"RPV","P",1,27
1,2,"RPV","P",1,10.2
1,2,"RPV","P",2,30.6
1,2,"RPV","P",2,21.8
1,2,"RPV","P",2,31.5
1,2,"RPV","N+P",1,30.1
1,2,"RPV","N+P",1,24.1
1,2,"RPV","N+P",1,23.9
1,2,"RPV","N+P",2,34.2
1,2,"RPV","N+P",2,28
1,2,"RPV","N+P",2,23.7
1,2,"RPV","low",1,33.9
1,2,"RPV","low",1,29.9
1,2,"RPV","low",1,23.8
1,2,"RPV","low",2,35.3
1,2,"RPV","low",2,32.4
1,2,"RPV","low",2,25.7
1,2,"healthy","N",1,20.1
1,2,"healthy","N",1,23.3
1,2,"healthy","N",1,26.3
1,2,"healthy","N",2,37.6
1,2,"healthy","N",2,32.7
1,2,"healthy","N",2,29.4
1,2,"healthy","P",1,22.6
1,2,"healthy","P",1,27.8
1,2,"healthy","P",1,26.1
1,2,"healthy","P",2,39.9
1,2,"healthy","P",2,33
1,2,"healthy","P",2,20.4
1,2,"healthy","N+P",1,28.3
1,2,"healthy","N+P",1,28.2
1,2,"healthy","N+P",1,29.8
1,2,"healthy","N+P",2,15
1,2,"healthy","N+P",2,33.3
1,2,"healthy","N+P",2,28.8
1,2,"healthy","low",1,30.7
1,2,"healthy","low",1,23.6
1,2,"healthy","low",1,17.5
1,2,"healthy","low",2,39.1
1,2,"healthy","low",2,29.2
1,2,"healthy","low",2,18.7
1,2,"coinfection","N",1,39
1,2,"coinfection","N",1,31.8
1,2,"coinfection","N",1,32.3
1,2,"coinfection","N",2,22.3
1,2,"coinfection","N",2,27.5
1,2,"coinfection","N",2,30.6
1,2,"coinfection","P",1,20.5
1,2,"coinfection","P",1,29.6
1,2,"coinfection","P",1,26.2
1,2,"coinfection","P",2,31
1,2,"coinfection","P",2,29.6
1,2,"coinfection","P",2,18.2
1,2,"coinfection","N+P",1,16.4
1,2,"coinfection","N+P",1,27.3
1,2,"coinfection","N+P",1,29.2
1,2,"coinfection","N+P",2,36.7
1,2,"coinfection","N+P",2,28.3
1,2,"coinfection","N+P",2,18.9
1,2,"coinfection","low",1,32.9
1,2,"coinfection","low",1,21.6
1,2,"coinfection","low",1,20.9
1,2,"coinfection","low",2,24.9
1,2,"coinfection","low",2,24.5
1,2,"coinfection","low",2,26.4
1,3,"PAV","N",1,38
1,3,"PAV","N",1,32.8
1,3,"PAV","N",1,26
1,3,"PAV","N",2,29.9
1,3,"PAV","N",2,28.1
1,3,"PAV","N",2,20.7
1,3,"PAV","P",1,29.7
1,3,"PAV","P",1,29.3
1,3,"PAV","P",1,23
1,3,"PAV","P",2,23.3
1,3,"PAV","P",2,20.4
1,3,"PAV","P",2,18.6
1,3,"PAV","N+P",1,33.1
1,3,"PAV","N+P",1,28.2
1,3,"PAV","N+P",1,21.1
1,3,"PAV","N+P",2,24.4
1,3,"PAV","N+P",2,20.5
1,3,"PAV","N+P",2,19.2
1,3,"PAV","low",1,31.8
1,3,"PAV","low",1,27.2
1,3,"PAV","low",1,19.5
1,3,"PAV","low",2,28.8
1,3,"PAV","low",2,22.8
1,3,"PAV","low",2,19.1
1,3,"RPV","N",1,NA
1,3,"RPV","N",1,NA
1,3,"RPV","N",1,NA
1,3,"RPV","N",2,24
1,3,"RPV","N",2,27.4
1,3,"RPV","N",2,22.2
1,3,"RPV","P",1,25.7
1,3,"RPV","P",1,20
1,3,"RPV","P",1,20.8
1,3,"RPV","P",2,23.1
1,3,"RPV","P",2,23.7
1,3,"RPV","P",2,21.8
1,3,"RPV","N+P",1,35
1,3,"RPV","N+P",1,30.1
1,3,"RPV","N+P",1,17.1
1,3,"RPV","N+P",2,30.2
1,3,"RPV","N+P",2,24.4
1,3,"RPV","N+P",2,23.6
1,3,"RPV","low",1,32.2
1,3,"RPV","low",1,23
1,3,"RPV","low",1,16.8
1,3,"RPV","low",2,31.1
1,3,"RPV","low",2,25.4
1,3,"RPV","low",2,22.8
1,3,"healthy","N",1,18.5
1,3,"healthy","N",1,17.6
1,3,"healthy","N",1,25.1
1,3,"healthy","N",2,31.3
1,3,"healthy","N",2,20.9
1,3,"healthy","N",2,24.5
1,3,"healthy","P",1,36.6
1,3,"healthy","P",1,29.6
1,3,"healthy","P",1,20.4
1,3,"healthy","P",2,34.7
1,3,"healthy","P",2,24.2
1,3,"healthy","P",2,19.8
1,3,"healthy","N+P",1,27.9
1,3,"healthy","N+P",1,26
1,3,"healthy","N+P",1,16.9
1,3,"healthy","N+P",2,33.4
1,3,"healthy","N+P",2,26.5
1,3,"healthy","N+P",2,20.7
1,3,"healthy","low",1,20.3
1,3,"healthy","low",1,22.3
1,3,"healthy","low",1,15.3
1,3,"healthy","low",2,24.1
1,3,"healthy","low",2,19.2
1,3,"healthy","low",2,9
1,3,"coinfection","N",1,27.7
1,3,"coinfection","N",1,29.4
1,3,"coinfection","N",1,17.6
1,3,"coinfection","N",2,31.9
1,3,"coinfection","N",2,27.2
1,3,"coinfection","N",2,25.2
1,3,"coinfection","P",1,21.5
1,3,"coinfection","P",1,23.7
1,3,"coinfection","P",1,21.3
1,3,"coinfection","P",2,38.1
1,3,"coinfection","P",2,30
1,3,"coinfection","P",2,27.6
1,3,"coinfection","N+P",1,32.6
1,3,"coinfection","N+P",1,26.7
1,3,"coinfection","N+P",1,20.2
1,3,"coinfection","N+P",2,13.7
1,3,"coinfection","N+P",2,26.7
1,3,"coinfection","N+P",2,23.6
1,3,"coinfection","low",1,32.6
1,3,"coinfection","low",1,25.2
1,3,"coinfection","low",1,21
1,3,"coinfection","low",2,24.9
1,3,"coinfection","low",2,28.3
1,3,"coinfection","low",2,22
1,4,"PAV","N",1,35.4
1,4,"PAV","N",1,33.3
1,4,"PAV","N",1,29.2
1,4,"PAV","N",2,18.2
1,4,"PAV","N",2,30.5
1,4,"PAV","N",2,13.7
1,4,"PAV","P",1,30.4
1,4,"PAV","P",1,28.3
1,4,"PAV","P",1,20.2
1,4,"PAV","P",2,38.5
1,4,"PAV","P",2,28.4
1,4,"PAV","P",2,21.3
1,4,"PAV","N+P",1,31.1
1,4,"PAV","N+P",1,28.9
1,4,"PAV","N+P",1,23.8
1,4,"PAV","N+P",2,NA
1,4,"PAV","N+P",2,NA
1,4,"PAV","N+P",2,NA
1,4,"PAV","low",1,35.5
1,4,"PAV","low",1,29.4
1,4,"PAV","low",1,22.3
1,4,"PAV","low",2,25.7
1,4,"PAV","low",2,24.5
1,4,"PAV","low",2,20.4
1,4,"RPV","N",1,36.3
1,4,"RPV","N",1,27.7
1,4,"RPV","N",1,15.6
1,4,"RPV","N",2,26.8
1,4,"RPV","N",2,29.8
1,4,"RPV","N",2,17.2
1,4,"RPV","P",1,33.6
1,4,"RPV","P",1,29.7
1,4,"RPV","P",1,18.7
1,4,"RPV","P",2,24.1
1,4,"RPV","P",2,25
1,4,"RPV","P",2,16
1,4,"RPV","N+P",1,38.6
1,4,"RPV","N+P",1,29
1,4,"RPV","N+P",1,20.9
1,4,"RPV","N+P",2,31.9
1,4,"RPV","N+P",2,29.2
1,4,"RPV","N+P",2,19.6
1,4,"RPV","low",1,35.4
1,4,"RPV","low",1,23.5
1,4,"RPV","low",1,14.7
1,4,"RPV","low",2,12.8
1,4,"RPV","low",2,17.9
1,4,"RPV","low",2,13.8
1,4,"healthy","N",1,31.6
1,4,"healthy","N",1,29.2
1,4,"healthy","N",1,22.8
1,4,"healthy","N",2,35.9
1,4,"healthy","N",2,33
1,4,"healthy","N",2,17.2
1,4,"healthy","P",1,25.5
1,4,"healthy","P",1,30.7
1,4,"healthy","P",1,22.6
1,4,"healthy","P",2,27.2
1,4,"healthy","P",2,21.5
1,4,"healthy","P",2,14.2
1,4,"healthy","N+P",1,27.4
1,4,"healthy","N+P",1,33.3
1,4,"healthy","N+P",1,26.4
1,4,"healthy","N+P",2,12
1,4,"healthy","N+P",2,21.7
1,4,"healthy","N+P",2,NA
1,4,"healthy","low",1,34.7
1,4,"healthy","low",1,30.8
1,4,"healthy","low",1,19.1
1,4,"healthy","low",2,14.3
1,4,"healthy","low",2,18.3
1,4,"healthy","low",2,13.7
1,4,"coinfection","N",1,17.9
1,4,"coinfection","N",1,26.9
1,4,"coinfection","N",1,15.7
1,4,"coinfection","N",2,12
1,4,"coinfection","N",2,31.2
1,4,"coinfection","N",2,21.2
1,4,"coinfection","P",1,30.7
1,4,"coinfection","P",1,30.2
1,4,"coinfection","P",1,27.1
1,4,"coinfection","P",2,30.2
1,4,"coinfection","P",2,28.4
1,4,"coinfection","P",2,18.5
1,4,"coinfection","N+P",1,28.3
1,4,"coinfection","N+P",1,24.7
1,4,"coinfection","N+P",1,14.4
1,4,"coinfection","N+P",2,13.7
1,4,"coinfection","N+P",2,34
1,4,"coinfection","N+P",2,18.5
1,4,"coinfection","low",1,34
1,4,"coinfection","low",1,26.6
1,4,"coinfection","low",1,14.4
1,4,"coinfection","low",2,27.4
1,4,"coinfection","low",2,35.4
1,4,"coinfection","low",2,24.4
1,5,"PAV","N",1,21.2
1,5,"PAV","N",1,24.1
1,5,"PAV","N",1,23.9
1,5,"PAV","N",2,34.7
1,5,"PAV","N",2,28.4
1,5,"PAV","N",2,23.2
1,5,"PAV","P",1,28.3
1,5,"PAV","P",1,26.7
1,5,"PAV","P",1,23.3
1,5,"PAV","P",2,37.1
1,5,"PAV","P",2,33.1
1,5,"PAV","P",2,28.8
1,5,"PAV","N+P",1,29.5
1,5,"PAV","N+P",1,29.9
1,5,"PAV","N+P",1,29.1
1,5,"PAV","N+P",2,30.3
1,5,"PAV","N+P",2,18.5
1,5,"PAV","N+P",2,18.4
1,5,"PAV","low",1,28.2
1,5,"PAV","low",1,26.9
1,5,"PAV","low",1,20.2
1,5,"PAV","low",2,35.2
1,5,"PAV","low",2,32
1,5,"PAV","low",2,26.8
1,5,"RPV","N",1,32.7
1,5,"RPV","N",1,30.7
1,5,"RPV","N",1,29.1
1,5,"RPV","N",2,32.5
1,5,"RPV","N",2,27.7
1,5,"RPV","N",2,23.6
1,5,"RPV","P",1,26.7
1,5,"RPV","P",1,21
1,5,"RPV","P",1,17.7
1,5,"RPV","P",2,26.9
1,5,"RPV","P",2,25
1,5,"RPV","P",2,21.9
1,5,"RPV","N+P",1,32.1
1,5,"RPV","N+P",1,29.7
1,5,"RPV","N+P",1,27.3
1,5,"RPV","N+P",2,28.1
1,5,"RPV","N+P",2,22.6
1,5,"RPV","N+P",2,12.4
1,5,"RPV","low",1,26.7
1,5,"RPV","low",1,22.8
1,5,"RPV","low",1,18
1,5,"RPV","low",2,26.7
1,5,"RPV","low",2,24
1,5,"RPV","low",2,19.9
1,5,"healthy","N",1,34.5
1,5,"healthy","N",1,31.1
1,5,"healthy","N",1,25.8
1,5,"healthy","N",2,35.2
1,5,"healthy","N",2,32.4
1,5,"healthy","N",2,26
1,5,"healthy","P",1,33.8
1,5,"healthy","P",1,29.6
1,5,"healthy","P",1,22.1
1,5,"healthy","P",2,29.4
1,5,"healthy","P",2,24.8
1,5,"healthy","P",2,20.1
1,5,"healthy","N+P",1,31.7
1,5,"healthy","N+P",1,27.7
1,5,"healthy","N+P",1,25.2
1,5,"healthy","N+P",2,13.3
1,5,"healthy","N+P",2,9
1,5,"healthy","N+P",2,NA
1,5,"healthy","low",1,25.2
1,5,"healthy","low",1,20.2
1,5,"healthy","low",1,14.3
1,5,"healthy","low",2,34.6
1,5,"healthy","low",2,27.8
1,5,"healthy","low",2,28.9
1,5,"coinfection","N",1,38.2
1,5,"coinfection","N",1,34.1
1,5,"coinfection","N",1,27.8
1,5,"coinfection","N",2,32.6
1,5,"coinfection","N",2,33.4
1,5,"coinfection","N",2,27
1,5,"coinfection","P",1,24.4
1,5,"coinfection","P",1,26.1
1,5,"coinfection","P",1,20.7
1,5,"coinfection","P",2,26.4
1,5,"coinfection","P",2,24.2
1,5,"coinfection","P",2,19.6
1,5,"coinfection","N+P",1,32.9
1,5,"coinfection","N+P",1,32.3
1,5,"coinfection","N+P",1,21.1
1,5,"coinfection","N+P",2,32.5
1,5,"coinfection","N+P",2,27.9
1,5,"coinfection","N+P",2,15.2
1,5,"coinfection","low",1,32.8
1,5,"coinfection","low",1,31.9
1,5,"coinfection","low",1,23.3
1,5,"coinfection","low",2,30.5
1,5,"coinfection","low",2,27
1,5,"coinfection","low",2,23.7
1,6,"PAV","N",1,14.5
1,6,"PAV","N",1,21.9
1,6,"PAV","N",1,22.6
1,6,"PAV","N",2,22
1,6,"PAV","N",2,33.3
1,6,"PAV","N",2,25.4
1,6,"PAV","P",1,11.5
1,6,"PAV","P",1,26.1
1,6,"PAV","P",1,24.3
1,6,"PAV","P",2,22.1
1,6,"PAV","P",2,27.5
1,6,"PAV","P",2,18.2
1,6,"PAV","N+P",1,28.4
1,6,"PAV","N+P",1,27.9
1,6,"PAV","N+P",1,24.2
1,6,"PAV","N+P",2,24.9
1,6,"PAV","N+P",2,38
1,6,"PAV","N+P",2,25.5
1,6,"PAV","low",1,9.7
1,6,"PAV","low",1,24.8
1,6,"PAV","low",1,22.6
1,6,"PAV","low",2,4.1
1,6,"PAV","low",2,21.5
1,6,"PAV","low",2,21.6
1,6,"RPV","N",1,16.6
1,6,"RPV","N",1,25.9
1,6,"RPV","N",1,22.6
1,6,"RPV","N",2,23.2
1,6,"RPV","N",2,27.2
1,6,"RPV","N",2,22.3
1,6,"RPV","P",1,18.4
1,6,"RPV","P",1,22.2
1,6,"RPV","P",1,20
1,6,"RPV","P",2,8.3
1,6,"RPV","P",2,26.9
1,6,"RPV","P",2,23.2
1,6,"RPV","N+P",1,23.1
1,6,"RPV","N+P",1,24.2
1,6,"RPV","N+P",1,20.8
1,6,"RPV","N+P",2,26.1
1,6,"RPV","N+P",2,22.9
1,6,"RPV","N+P",2,10.4
1,6,"RPV","low",1,12.3
1,6,"RPV","low",1,23.5
1,6,"RPV","low",1,16.6
1,6,"RPV","low",2,27
1,6,"RPV","low",2,17.7
1,6,"RPV","low",2,13.2
1,6,"healthy","N",1,32.1
1,6,"healthy","N",1,28.5
1,6,"healthy","N",1,19.7
1,6,"healthy","N",2,31.1
1,6,"healthy","N",2,29.4
1,6,"healthy","N",2,19.1
1,6,"healthy","P",1,33.7
1,6,"healthy","P",1,29.7
1,6,"healthy","P",1,22.3
1,6,"healthy","P",2,18.5
1,6,"healthy","P",2,22.4
1,6,"healthy","P",2,17.8
1,6,"healthy","N+P",1,35.2
1,6,"healthy","N+P",1,29
1,6,"healthy","N+P",1,19.2
1,6,"healthy","N+P",2,32.3
1,6,"healthy","N+P",2,29.1
1,6,"healthy","N+P",2,17
1,6,"healthy","low",1,33
1,6,"healthy","low",1,28.5
1,6,"healthy","low",1,24.2
1,6,"healthy","low",2,33.5
1,6,"healthy","low",2,29.7
1,6,"healthy","low",2,20.6
1,6,"coinfection","N",1,14
1,6,"coinfection","N",1,30.8
1,6,"coinfection","N",1,23.7
1,6,"coinfection","N",2,24.8
1,6,"coinfection","N",2,27.7
1,6,"coinfection","N",2,18.4
1,6,"coinfection","P",1,18.8
1,6,"coinfection","P",1,22.2
1,6,"coinfection","P",1,17.1
1,6,"coinfection","P",2,8.6
1,6,"coinfection","P",2,18.1
1,6,"coinfection","P",2,19.4
1,6,"coinfection","N+P",1,23.7
1,6,"coinfection","N+P",1,31.2
1,6,"coinfection","N+P",1,17.3
1,6,"coinfection","N+P",2,16.1
1,6,"coinfection","N+P",2,27.2
1,6,"coinfection","N+P",2,29.9
1,6,"coinfection","low",1,3.8
1,6,"coinfection","low",1,22.7
1,6,"coinfection","low",1,20.5
1,6,"coinfection","low",2,18.8
1,6,"coinfection","low",2,26
1,6,"coinfection","low",2,17.2
1,7,"PAV","N",1,NA
1,7,"PAV","N",1,NA
1,7,"PAV","N",1,NA
1,7,"PAV","N",2,31.3
1,7,"PAV","N",2,30.4
1,7,"PAV","N",2,20.8
1,7,"PAV","P",1,20.3
1,7,"PAV","P",1,24.3
1,7,"PAV","P",1,14.9
1,7,"PAV","P",2,18.7
1,7,"PAV","P",2,25.9
1,7,"PAV","P",2,24
1,7,"PAV","N+P",1,26.2
1,7,"PAV","N+P",1,34.1
1,7,"PAV","N+P",1,24.8
1,7,"PAV","N+P",2,29.3
1,7,"PAV","N+P",2,27
1,7,"PAV","N+P",2,22.2
1,7,"PAV","low",1,6.8
1,7,"PAV","low",1,25.1
1,7,"PAV","low",1,21.5
1,7,"PAV","low",2,11
1,7,"PAV","low",2,23.6
1,7,"PAV","low",2,12.6
1,7,"RPV","N",1,35.5
1,7,"RPV","N",1,27.7
1,7,"RPV","N",1,15
1,7,"RPV","N",2,31.1
1,7,"RPV","N",2,28.8
1,7,"RPV","N",2,18.1
1,7,"RPV","P",1,27.1
1,7,"RPV","P",1,18.5
1,7,"RPV","P",1,11.3
1,7,"RPV","P",2,8.6
1,7,"RPV","P",2,20.6
1,7,"RPV","P",2,12.1
1,7,"RPV","N+P",1,20.7
1,7,"RPV","N+P",1,26.4
1,7,"RPV","N+P",1,16
1,7,"RPV","N+P",2,13.6
1,7,"RPV","N+P",2,29.3
1,7,"RPV","N+P",2,18
1,7,"RPV","low",1,13.6
1,7,"RPV","low",1,22.2
1,7,"RPV","low",1,19.8
1,7,"RPV","low",2,13.9
1,7,"RPV","low",2,22.9
1,7,"RPV","low",2,15.2
1,7,"healthy","N",1,28.9
1,7,"healthy","N",1,24.2
1,7,"healthy","N",1,18.2
1,7,"healthy","N",2,29.4
1,7,"healthy","N",2,25.2
1,7,"healthy","N",2,18.5
1,7,"healthy","P",1,23
1,7,"healthy","P",1,21.9
1,7,"healthy","P",1,14.3
1,7,"healthy","P",2,31.9
1,7,"healthy","P",2,23.1
1,7,"healthy","P",2,17
1,7,"healthy","N+P",1,22.8
1,7,"healthy","N+P",1,22
1,7,"healthy","N+P",1,15.4
1,7,"healthy","N+P",2,24.8
1,7,"healthy","N+P",2,28.3
1,7,"healthy","N+P",2,24.4
1,7,"healthy","low",1,31.4
1,7,"healthy","low",1,28.7
1,7,"healthy","low",1,23.5
1,7,"healthy","low",2,28.8
1,7,"healthy","low",2,30.2
1,7,"healthy","low",2,23.1
1,7,"coinfection","N",1,35.9
1,7,"coinfection","N",1,24.2
1,7,"coinfection","N",1,19.7
1,7,"coinfection","N",2,5.3
1,7,"coinfection","N",2,16.4
1,7,"coinfection","N",2,22.2
1,7,"coinfection","P",1,16.3
1,7,"coinfection","P",1,17.9
1,7,"coinfection","P",1,17.3
1,7,"coinfection","P",2,20.8
1,7,"coinfection","P",2,17.2
1,7,"coinfection","P",2,20.2
1,7,"coinfection","N+P",1,21.6
1,7,"coinfection","N+P",1,27.2
1,7,"coinfection","N+P",1,19.7
1,7,"coinfection","N+P",2,28.6
1,7,"coinfection","N+P",2,30.9
1,7,"coinfection","N+P",2,25.8
1,7,"coinfection","low",1,8.9
1,7,"coinfection","low",1,24.4
1,7,"coinfection","low",1,22.5
1,7,"coinfection","low",2,20.5
1,7,"coinfection","low",2,23.2
1,7,"coinfection","low",2,15
1,8,"PAV","N",1,30
1,8,"PAV","N",1,34
1,8,"PAV","N",1,22.9
1,8,"PAV","N",2,34.9
1,8,"PAV","N",2,27.9
1,8,"PAV","N",2,18.8
1,8,"PAV","P",1,7.8
1,8,"PAV","P",1,18.5
1,8,"PAV","P",1,20.8
1,8,"PAV","P",2,23.4
1,8,"PAV","P",2,18.6
1,8,"PAV","P",2,20.2
1,8,"PAV","N+P",1,21.6
1,8,"PAV","N+P",1,36.2
1,8,"PAV","N+P",1,29
1,8,"PAV","N+P",2,30.2
1,8,"PAV","N+P",2,30.8
1,8,"PAV","N+P",2,20.1
1,8,"PAV","low",1,NA
1,8,"PAV","low",1,NA
1,8,"PAV","low",1,NA
1,8,"PAV","low",2,1.9
1,8,"PAV","low",2,23.4
1,8,"PAV","low",2,24.6
1,8,"RPV","N",1,30.8
1,8,"RPV","N",1,36.7
1,8,"RPV","N",1,29.1
1,8,"RPV","N",2,33.7
1,8,"RPV","N",2,29.9
1,8,"RPV","N",2,24.7
1,8,"RPV","P",1,15.1
1,8,"RPV","P",1,19.4
1,8,"RPV","P",1,17.2
1,8,"RPV","P",2,21.7
1,8,"RPV","P",2,17.2
1,8,"RPV","P",2,13.8
1,8,"RPV","N+P",1,24.6
1,8,"RPV","N+P",1,33.4
1,8,"RPV","N+P",1,25.7
1,8,"RPV","N+P",2,33.1
1,8,"RPV","N+P",2,26
1,8,"RPV","N+P",2,25.6
1,8,"RPV","low",1,14.8
1,8,"RPV","low",1,17.5
1,8,"RPV","low",1,13
1,8,"RPV","low",2,17.7
1,8,"RPV","low",2,18.6
1,8,"RPV","low",2,14.5
1,8,"healthy","N",1,31.5
1,8,"healthy","N",1,30.6
1,8,"healthy","N",1,22.8
1,8,"healthy","N",2,32.4
1,8,"healthy","N",2,27.1
1,8,"healthy","N",2,21
1,8,"healthy","P",1,31.3
1,8,"healthy","P",1,29.7
1,8,"healthy","P",1,15.3
1,8,"healthy","P",2,28.4
1,8,"healthy","P",2,27.7
1,8,"healthy","P",2,19.3
1,8,"healthy","N+P",1,27.2
1,8,"healthy","N+P",1,27.1
1,8,"healthy","N+P",1,20
1,8,"healthy","N+P",2,25.9
1,8,"healthy","N+P",2,32.5
1,8,"healthy","N+P",2,25.2
1,8,"healthy","low",1,11.7
1,8,"healthy","low",1,28.3
1,8,"healthy","low",1,26.7
1,8,"healthy","low",2,28.2
1,8,"healthy","low",2,23.7
1,8,"healthy","low",2,21.6
1,8,"coinfection","N",1,10.6
1,8,"coinfection","N",1,23.4
1,8,"coinfection","N",1,19.5
1,8,"coinfection","N",2,37.1
1,8,"coinfection","N",2,29.2
1,8,"coinfection","N",2,18.3
1,8,"coinfection","P",1,12.7
1,8,"coinfection","P",1,22.3
1,8,"coinfection","P",1,21
1,8,"coinfection","P",2,13.5
1,8,"coinfection","P",2,22
1,8,"coinfection","P",2,18.8
1,8,"coinfection","N+P",1,19.9
1,8,"coinfection","N+P",1,24.1
1,8,"coinfection","N+P",1,20.4
1,8,"coinfection","N+P",2,13.5
1,8,"coinfection","N+P",2,23.7
1,8,"coinfection","N+P",2,25.6
1,8,"coinfection","low",1,4.9
1,8,"coinfection","low",1,6.7
1,8,"coinfection","low",1,5.9
1,8,"coinfection","low",2,12.3
1,8,"coinfection","low",2,24.5
1,8,"coinfection","low",2,23.1
2,1,"healthy","low",3,31.5
2,1,"healthy","low",3,24.2
2,1,"healthy","low",3,22.9
2,1,"healthy","N",3,30.8
2,1,"healthy","N",3,23.2
2,1,"healthy","N",3,20.5
2,1,"healthy","P",3,33.2
2,1,"healthy","P",3,36.8
2,1,"healthy","P",3,21.1
2,1,"healthy","N+P",3,34.2
2,1,"healthy","N+P",3,30.4
2,1,"healthy","N+P",3,25.3
2,1,"PAV","low",3,25.6
2,1,"PAV","low",3,25.4
2,1,"PAV","low",3,26.6
2,1,"PAV","N",3,24.8
2,1,"PAV","N",3,31.6
2,1,"PAV","N",3,20.7
2,1,"PAV","P",3,39.6
2,1,"PAV","P",3,34.5
2,1,"PAV","P",3,22.5
2,1,"PAV","N+P",3,36
2,1,"PAV","N+P",3,34.3
2,1,"PAV","N+P",3,26.9
2,1,"RPV","low",3,21.1
2,1,"RPV","low",3,27.3
2,1,"RPV","low",3,21.2
2,1,"RPV","N",3,39.2
2,1,"RPV","N",3,32.6
2,1,"RPV","N",3,17.8
2,1,"RPV","P",3,NA
2,1,"RPV","P",3,NA
2,1,"RPV","P",3,NA
2,1,"RPV","N+P",3,20.3
2,1,"RPV","N+P",3,24.7
2,1,"RPV","N+P",3,22.7
2,1,"coinfection","low",3,42.1
2,1,"coinfection","low",3,28.3
2,1,"coinfection","low",3,16.3
2,1,"coinfection","N",3,41.7
2,1,"coinfection","N",3,32.7
2,1,"coinfection","N",3,22.1
2,1,"coinfection","P",3,36.1
2,1,"coinfection","P",3,32.1
2,1,"coinfection","P",3,26.8
2,1,"coinfection","N+P",3,38.2
2,1,"coinfection","N+P",3,30.9
2,1,"coinfection","N+P",3,23.6
2,2,"healthy","low",3,36.4
2,2,"healthy","low",3,31.5
2,2,"healthy","low",3,23.2
2,2,"healthy","N",3,21.4
2,2,"healthy","N",3,25.4
2,2,"healthy","N",3,NA
2,2,"healthy","P",3,25.1
2,2,"healthy","P",3,29.1
2,2,"healthy","P",3,19.1
2,2,"healthy","N+P",3,30.5
2,2,"healthy","N+P",3,33.1
2,2,"healthy","N+P",3,24.3
2,2,"PAV","low",3,38.9
2,2,"PAV","low",3,30.8
2,2,"PAV","low",3,22.9
2,2,"PAV","N",3,34.3
2,2,"PAV","N",3,32.8
2,2,"PAV","N",3,22.7
2,2,"PAV","P",3,32.4
2,2,"PAV","P",3,30.6
2,2,"PAV","P",3,22.8
2,2,"PAV","N+P",3,35.3
2,2,"PAV","N+P",3,35.7
2,2,"PAV","N+P",3,21.5
2,2,"RPV","low",3,32.5
2,2,"RPV","low",3,29
2,2,"RPV","low",3,23.1
2,2,"RPV","N",3,38.1
2,2,"RPV","N",3,29.9
2,2,"RPV","N",3,22.1
2,2,"RPV","P",3,34.9
2,2,"RPV","P",3,30
2,2,"RPV","P",3,21.1
2,2,"RPV","N+P",3,23
2,2,"RPV","N+P",3,NA
2,2,"RPV","N+P",3,NA
2,2,"coinfection","low",3,29.9
2,2,"coinfection","low",3,32.7
2,2,"coinfection","low",3,24.6
2,2,"coinfection","N",3,34.4
2,2,"coinfection","N",3,36.2
2,2,"coinfection","N",3,26.2
2,2,"coinfection","P",3,25.2
2,2,"coinfection","P",3,27.1
2,2,"coinfection","P",3,14.4
2,2,"coinfection","N+P",3,37.4
2,2,"coinfection","N+P",3,34
2,2,"coinfection","N+P",3,26.6
2,3,"healthy","low",3,22.7
2,3,"healthy","low",3,29
2,3,"healthy","low",3,21.5
2,3,"healthy","N",3,23.4
2,3,"healthy","N",3,21.9
2,3,"healthy","N",3,13.3
2,3,"healthy","P",3,34.4
2,3,"healthy","P",3,24.9
2,3,"healthy","P",3,17
2,3,"healthy","N+P",3,37.8
2,3,"healthy","N+P",3,29.1
2,3,"healthy","N+P",3,15.1
2,3,"PAV","low",3,22
2,3,"PAV","low",3,23.5
2,3,"PAV","low",3,19.8
2,3,"PAV","N",3,36.7
2,3,"PAV","N",3,28.6
2,3,"PAV","N",3,15.7
2,3,"PAV","P",3,27.5
2,3,"PAV","P",3,24.7
2,3,"PAV","P",3,13.3
2,3,"PAV","N+P",3,33.9
2,3,"PAV","N+P",3,29.3
2,3,"PAV","N+P",3,13.3
2,3,"RPV","low",3,18.2
2,3,"RPV","low",3,22.8
2,3,"RPV","low",3,17.7
2,3,"RPV","N",3,32.9
2,3,"RPV","N",3,31
2,3,"RPV","N",3,18.8
2,3,"RPV","P",3,30
2,3,"RPV","P",3,32.5
2,3,"RPV","P",3,18.3
2,3,"RPV","N+P",3,24.6
2,3,"RPV","N+P",3,33.1
2,3,"RPV","N+P",3,23.8
2,3,"coinfection","low",3,34
2,3,"coinfection","low",3,31.4
2,3,"coinfection","low",3,20.8
2,3,"coinfection","N",3,32.6
2,3,"coinfection","N",3,32.1
2,3,"coinfection","N",3,17.4
2,3,"coinfection","P",3,22.9
2,3,"coinfection","P",3,26.2
2,3,"coinfection","P",3,24.9
2,3,"coinfection","N+P",3,29
2,3,"coinfection","N+P",3,35.5
2,3,"coinfection","N+P",3,20.2
2,4,"healthy","low",3,31.6
2,4,"healthy","low",3,24.4
2,4,"healthy","low",3,9.7
2,4,"healthy","N",3,29.8
2,4,"healthy","N",3,22.5
2,4,"healthy","N",3,13.1
2,4,"healthy","P",3,21.1
2,4,"healthy","P",3,23.2
2,4,"healthy","P",3,16.2
2,4,"healthy","N+P",3,30.8
2,4,"healthy","N+P",3,27.3
2,4,"healthy","N+P",3,20.1
2,4,"PAV","low",3,17
2,4,"PAV","low",3,25.3
2,4,"PAV","low",3,20.4
2,4,"PAV","N",3,NA
2,4,"PAV","N",3,NA
2,4,"PAV","N",3,NA
2,4,"PAV","P",3,32.4
2,4,"PAV","P",3,23.8
2,4,"PAV","P",3,11.7
2,4,"PAV","N+P",3,40.9
2,4,"PAV","N+P",3,32.5
2,4,"PAV","N+P",3,23.3
2,4,"RPV","low",3,26.3
2,4,"RPV","low",3,30.5
2,4,"RPV","low",3,21.1
2,4,"RPV","N",3,32.7
2,4,"RPV","N",3,28.3
2,4,"RPV","N",3,19.3
2,4,"RPV","P",3,24
2,4,"RPV","P",3,27.3
2,4,"RPV","P",3,19.2
2,4,"RPV","N+P",3,29.9
2,4,"RPV","N+P",3,35.3
2,4,"RPV","N+P",3,21.5
2,4,"coinfection","low",3,33.4
2,4,"coinfection","low",3,29.2
2,4,"coinfection","low",3,18.5
2,4,"coinfection","N",3,33.1
2,4,"coinfection","N",3,28.3
2,4,"coinfection","N",3,15.6
2,4,"coinfection","P",3,28.2
2,4,"coinfection","P",3,23.4
2,4,"coinfection","P",3,15.5
2,4,"coinfection","N+P",3,27.6
2,4,"coinfection","N+P",3,26.2
2,4,"coinfection","N+P",3,19.2
2,5,"healthy","low",3,33.1
2,5,"healthy","low",3,27.9
2,5,"healthy","low",3,20.1
2,5,"healthy","N",3,29.9
2,5,"healthy","N",3,34.8
2,5,"healthy","N",3,23.7
2,5,"healthy","P",3,33.8
2,5,"healthy","P",3,29.6
2,5,"healthy","P",3,19.8
2,5,"healthy","N+P",3,33.1
2,5,"healthy","N+P",3,26.8
2,5,"healthy","N+P",3,20.2
2,5,"PAV","low",3,24.1
2,5,"PAV","low",3,22.8
2,5,"PAV","low",3,16.9
2,5,"PAV","N",3,29.1
2,5,"PAV","N",3,36.7
2,5,"PAV","N",3,28.6
2,5,"PAV","P",3,24.5
2,5,"PAV","P",3,21.4
2,5,"PAV","P",3,17.5
2,5,"PAV","N+P",3,15.8
2,5,"PAV","N+P",3,32.6
2,5,"PAV","N+P",3,23.8
2,5,"RPV","low",3,30.2
2,5,"RPV","low",3,26.6
2,5,"RPV","low",3,19.9
2,5,"RPV","N",3,36.3
2,5,"RPV","N",3,31.2
2,5,"RPV","N",3,26.7
2,5,"RPV","P",3,30.2
2,5,"RPV","P",3,23
2,5,"RPV","P",3,18.4
2,5,"RPV","N+P",3,21.5
2,5,"RPV","N+P",3,34.3
2,5,"RPV","N+P",3,26.9
2,5,"coinfection","low",3,24.3
2,5,"coinfection","low",3,23.4
2,5,"coinfection","low",3,10.7
2,5,"coinfection","N",3,35
2,5,"coinfection","N",3,35.3
2,5,"coinfection","N",3,25.2
2,5,"coinfection","P",3,16.2
2,5,"coinfection","P",3,23.1
2,5,"coinfection","P",3,20.1
2,5,"coinfection","N+P",3,34.1
2,5,"coinfection","N+P",3,28.8
2,5,"coinfection","N+P",3,21.8
2,6,"healthy","low",3,17.1
2,6,"healthy","low",3,25.9
2,6,"healthy","low",3,22.1
2,6,"healthy","N",3,24.9
2,6,"healthy","N",3,28.7
2,6,"healthy","N",3,21.3
2,6,"healthy","P",3,28.8
2,6,"healthy","P",3,21.6
2,6,"healthy","P",3,18.1
2,6,"healthy","N+P",3,36.5
2,6,"healthy","N+P",3,34.6
2,6,"healthy","N+P",3,27.2
2,6,"PAV","low",3,24.3
2,6,"PAV","low",3,23.6
2,6,"PAV","low",3,18.4
2,6,"PAV","N",3,30.4
2,6,"PAV","N",3,27.4
2,6,"PAV","N",3,19.6
2,6,"PAV","P",3,16.5
2,6,"PAV","P",3,19.8
2,6,"PAV","P",3,13.3
2,6,"PAV","N+P",3,23.3
2,6,"PAV","N+P",3,31.8
2,6,"PAV","N+P",3,23.1
2,6,"RPV","low",3,7.9
2,6,"RPV","low",3,26.1
2,6,"RPV","low",3,21.3
2,6,"RPV","N",3,35.1
2,6,"RPV","N",3,24.4
2,6,"RPV","N",3,21.7
2,6,"RPV","P",3,14.6
2,6,"RPV","P",3,22
2,6,"RPV","P",3,22.6
2,6,"RPV","N+P",3,29.4
2,6,"RPV","N+P",3,23.6
2,6,"RPV","N+P",3,20.7
2,6,"coinfection","low",3,18.9
2,6,"coinfection","low",3,23.1
2,6,"coinfection","low",3,18.5
2,6,"coinfection","N",3,33.7
2,6,"coinfection","N",3,34.7
2,6,"coinfection","N",3,25.8
2,6,"coinfection","P",3,15.8
2,6,"coinfection","P",3,25.3
2,6,"coinfection","P",3,19.7
2,6,"coinfection","N+P",3,21
2,6,"coinfection","N+P",3,29.4
2,6,"coinfection","N+P",3,24.8
2,7,"healthy","low",3,19.2
2,7,"healthy","low",3,26.3
2,7,"healthy","low",3,17.7
2,7,"healthy","N",3,34.5
2,7,"healthy","N",3,30.4
2,7,"healthy","N",3,20
2,7,"healthy","P",3,27.8
2,7,"healthy","P",3,20
2,7,"healthy","P",3,13.7
2,7,"healthy","N+P",3,29.1
2,7,"healthy","N+P",3,26.1
2,7,"healthy","N+P",3,23.6
2,7,"PAV","low",3,17.7
2,7,"PAV","low",3,20.4
2,7,"PAV","low",3,16.6
2,7,"PAV","N",3,33
2,7,"PAV","N",3,29
2,7,"PAV","N",3,24.2
2,7,"PAV","P",3,11.3
2,7,"PAV","P",3,18.6
2,7,"PAV","P",3,17.6
2,7,"PAV","N+P",3,19.5
2,7,"PAV","N+P",3,29
2,7,"PAV","N+P",3,27.9
2,7,"RPV","low",3,12
2,7,"RPV","low",3,25.5
2,7,"RPV","low",3,16.3
2,7,"RPV","N",3,33.5
2,7,"RPV","N",3,30.5
2,7,"RPV","N",3,19.1
2,7,"RPV","P",3,21.2
2,7,"RPV","P",3,22.8
2,7,"RPV","P",3,19.2
2,7,"RPV","N+P",3,21.8
2,7,"RPV","N+P",3,32.3
2,7,"RPV","N+P",3,21.9
2,7,"coinfection","low",3,16.5
2,7,"coinfection","low",3,20.6
2,7,"coinfection","low",3,18
2,7,"coinfection","N",3,26.1
2,7,"coinfection","N",3,27.6
2,7,"coinfection","N",3,21.3
2,7,"coinfection","P",3,13.7
2,7,"coinfection","P",3,14.9
2,7,"coinfection","P",3,18.5
2,7,"coinfection","N+P",3,14.1
2,7,"coinfection","N+P",3,24.1
2,7,"coinfection","N+P",3,20.4
2,8,"healthy","low",3,10.5
2,8,"healthy","low",3,20.4
2,8,"healthy","low",3,9.6
2,8,"healthy","N",3,35
2,8,"healthy","N",3,28.6
2,8,"healthy","N",3,12.2
2,8,"healthy","P",3,31
2,8,"healthy","P",3,25
2,8,"healthy","P",3,13.5
2,8,"healthy","N+P",3,16.9
2,8,"healthy","N+P",3,25.2
2,8,"healthy","N+P",3,22.7
2,8,"PAV","low",3,3.4
2,8,"PAV","low",3,18.7
2,8,"PAV","low",3,14.6
2,8,"PAV","N",3,4.6
2,8,"PAV","N",3,24.6
2,8,"PAV","N",3,20.3
2,8,"PAV","P",3,13.7
2,8,"PAV","P",3,18.2
2,8,"PAV","P",3,18.9
2,8,"PAV","N+P",3,30
2,8,"PAV","N+P",3,26
2,8,"PAV","N+P",3,22.7
2,8,"RPV","low",3,20.4
2,8,"RPV","low",3,20.5
2,8,"RPV","low",3,15.8
2,8,"RPV","N",3,17.6
2,8,"RPV","N",3,26.4
2,8,"RPV","N",3,24.6
2,8,"RPV","P",3,11.3
2,8,"RPV","P",3,21.6
2,8,"RPV","P",3,20.7
2,8,"RPV","N+P",3,36.9
2,8,"RPV","N+P",3,30.9
2,8,"RPV","N+P",3,27.1
2,8,"coinfection","low",3,13.8
2,8,"coinfection","low",3,15.9
2,8,"coinfection","low",3,19.3
2,8,"coinfection","N",3,17.4
2,8,"coinfection","N",3,27.6
2,8,"coinfection","N",3,21.9
2,8,"coinfection","P",3,18.8
2,8,"coinfection","P",3,18.3
2,8,"coinfection","P",3,14.2
2,8,"coinfection","N+P",3,19.8
2,8,"coinfection","N+P",3,25.1
2,8,"coinfection","N+P",3,22
3,1,"healthy","low",4,28.3
3,1,"healthy","low",4,29.1
3,1,"healthy","low",4,24
3,1,"healthy","N",4,33.2
3,1,"healthy","N",4,32.7
3,1,"healthy","N",4,22.8
3,1,"healthy","P",4,32.9
3,1,"healthy","P",4,31.3
3,1,"healthy","P",4,27.2
3,1,"healthy","N+P",4,36.1
3,1,"healthy","N+P",4,28.8
3,1,"healthy","N+P",4,22.3
3,1,"PAV","low",4,NA
3,1,"PAV","low",4,NA
3,1,"PAV","low",4,NA
3,1,"PAV","N",4,31.5
3,1,"PAV","N",4,29.4
3,1,"PAV","N",4,21.3
3,1,"PAV","P",4,34.4
3,1,"PAV","P",4,28.9
3,1,"PAV","P",4,20.7
3,1,"PAV","N+P",4,31.4
3,1,"PAV","N+P",4,32.9
3,1,"PAV","N+P",4,26.6
3,1,"RPV","low",4,46.4
3,1,"RPV","low",4,42.1
3,1,"RPV","low",4,31.3
3,1,"RPV","N",4,46.6
3,1,"RPV","N",4,38
3,1,"RPV","N",4,20.3
3,1,"RPV","P",4,38.2
3,1,"RPV","P",4,29.3
3,1,"RPV","P",4,20
3,1,"RPV","N+P",4,42.5
3,1,"RPV","N+P",4,30.6
3,1,"RPV","N+P",4,22.6
3,1,"coinfection","low",4,31
3,1,"coinfection","low",4,27.9
3,1,"coinfection","low",4,25.1
3,1,"coinfection","N",4,22.5
3,1,"coinfection","N",4,25.7
3,1,"coinfection","N",4,19.9
3,1,"coinfection","P",4,36
3,1,"coinfection","P",4,28.1
3,1,"coinfection","P",4,23.8
3,1,"coinfection","N+P",4,40.9
3,1,"coinfection","N+P",4,33.9
3,1,"coinfection","N+P",4,15.4
3,2,"healthy","low",4,32.1
3,2,"healthy","low",4,31.4
3,2,"healthy","low",4,20.4
3,2,"healthy","N",4,19.1
3,2,"healthy","N",4,23.1
3,2,"healthy","N",4,27
3,2,"healthy","P",4,25
3,2,"healthy","P",4,28.3
3,2,"healthy","P",4,17.3
3,2,"healthy","N+P",4,27.6
3,2,"healthy","N+P",4,23.9
3,2,"healthy","N+P",4,20.6
3,2,"PAV","low",4,24.1
3,2,"PAV","low",4,27.8
3,2,"PAV","low",4,15.2
3,2,"PAV","N",4,22.3
3,2,"PAV","N",4,27.3
3,2,"PAV","N",4,26
3,2,"PAV","P",4,27.4
3,2,"PAV","P",4,16.7
3,2,"PAV","P",4,15.4
3,2,"PAV","N+P",4,24.9
3,2,"PAV","N+P",4,21.9
3,2,"PAV","N+P",4,16.9
3,2,"RPV","low",4,40.9
3,2,"RPV","low",4,31.5
3,2,"RPV","low",4,26.9
3,2,"RPV","N",4,41.7
3,2,"RPV","N",4,36.7
3,2,"RPV","N",4,19.6
3,2,"RPV","P",4,38.5
3,2,"RPV","P",4,34.6
3,2,"RPV","P",4,25.4
3,2,"RPV","N+P",4,31.5
3,2,"RPV","N+P",4,29.1
3,2,"RPV","N+P",4,23.3
3,2,"coinfection","low",4,32.5
3,2,"coinfection","low",4,30.3
3,2,"coinfection","low",4,17.9
3,2,"coinfection","N",4,29.5
3,2,"coinfection","N",4,27.4
3,2,"coinfection","N",4,20.2
3,2,"coinfection","P",4,31.5
3,2,"coinfection","P",4,28.5
3,2,"coinfection","P",4,22.1
3,2,"coinfection","N+P",4,34.1
3,2,"coinfection","N+P",4,32.5
3,2,"coinfection","N+P",4,26
3,3,"healthy","low",4,30.5
3,3,"healthy","low",4,34.7
3,3,"healthy","low",4,13.9
3,3,"healthy","N",4,29.4
3,3,"healthy","N",4,26.1
3,3,"healthy","N",4,17
3,3,"healthy","P",4,27.5
3,3,"healthy","P",4,24.2
3,3,"healthy","P",4,13.3
3,3,"healthy","N+P",4,29.5
3,3,"healthy","N+P",4,12.3
3,3,"healthy","N+P",4,19.1
3,3,"PAV","low",4,30.9
3,3,"PAV","low",4,29.7
3,3,"PAV","low",4,22.3
3,3,"PAV","N",4,27.5
3,3,"PAV","N",4,28.6
3,3,"PAV","N",4,19
3,3,"PAV","P",4,31.5
3,3,"PAV","P",4,31.8
3,3,"PAV","P",4,19.8
3,3,"PAV","N+P",4,22.2
3,3,"PAV","N+P",4,32.3
3,3,"PAV","N+P",4,24
3,3,"RPV","low",4,16
3,3,"RPV","low",4,NA
3,3,"RPV","low",4,NA
3,3,"RPV","N",4,28.7
3,3,"RPV","N",4,28.8
3,3,"RPV","N",4,22
3,3,"RPV","P",4,33.5
3,3,"RPV","P",4,28.7
3,3,"RPV","P",4,17.1
3,3,"RPV","N+P",4,25.7
3,3,"RPV","N+P",4,30.8
3,3,"RPV","N+P",4,25
3,3,"coinfection","low",4,37.8
3,3,"coinfection","low",4,30.6
3,3,"coinfection","low",4,19.8
3,3,"coinfection","N",4,35.8
3,3,"coinfection","N",4,34.3
3,3,"coinfection","N",4,17.6
3,3,"coinfection","P",4,29.5
3,3,"coinfection","P",4,35.5
3,3,"coinfection","P",4,20.3
3,3,"coinfection","N+P",4,35.6
3,3,"coinfection","N+P",4,31.9
3,3,"coinfection","N+P",4,21
3,4,"healthy","low",4,NA
3,4,"healthy","low",4,NA
3,4,"healthy","low",4,NA
3,4,"healthy","N",4,NA
3,4,"healthy","N",4,NA
3,4,"healthy","N",4,NA
3,4,"healthy","P",4,NA
3,4,"healthy","P",4,NA
3,4,"healthy","P",4,NA
3,4,"healthy","N+P",4,NA
3,4,"healthy","N+P",4,NA
3,4,"healthy","N+P",4,NA
3,4,"PAV","low",4,NA
3,4,"PAV","low",4,NA
3,4,"PAV","low",4,NA
3,4,"PAV","N",4,NA
3,4,"PAV","N",4,NA
3,4,"PAV","N",4,NA
3,4,"PAV","P",4,NA
3,4,"PAV","P",4,NA
3,4,"PAV","P",4,NA
3,4,"PAV","N+P",4,NA
3,4,"PAV","N+P",4,NA
3,4,"PAV","N+P",4,NA
3,4,"RPV","low",4,NA
3,4,"RPV","low",4,NA
3,4,"RPV","low",4,NA
3,4,"RPV","N",4,NA
3,4,"RPV","N",4,NA
3,4,"RPV","N",4,NA
3,4,"RPV","P",4,NA
3,4,"RPV","P",4,NA
3,4,"RPV","P",4,NA
3,4,"RPV","N+P",4,NA
3,4,"RPV","N+P",4,NA
3,4,"RPV","N+P",4,NA
3,4,"coinfection","low",4,NA
3,4,"coinfection","low",4,NA
3,4,"coinfection","low",4,NA
3,4,"coinfection","N",4,NA
3,4,"coinfection","N",4,NA
3,4,"coinfection","N",4,NA
3,4,"coinfection","P",4,NA
3,4,"coinfection","P",4,NA
3,4,"coinfection","P",4,NA
3,4,"coinfection","N+P",4,NA
3,4,"coinfection","N+P",4,NA
3,4,"coinfection","N+P",4,NA
3,5,"healthy","low",4,13.2
3,5,"healthy","low",4,21.1
3,5,"healthy","low",4,17.6
3,5,"healthy","N",4,34.4
3,5,"healthy","N",4,31.7
3,5,"healthy","N",4,19.3
3,5,"healthy","P",4,14.7
3,5,"healthy","P",4,14.4
3,5,"healthy","P",4,13.2
3,5,"healthy","N+P",4,18.5
3,5,"healthy","N+P",4,25.3
3,5,"healthy","N+P",4,25.2
3,5,"PAV","low",4,12.3
3,5,"PAV","low",4,19.8
3,5,"PAV","low",4,24.5
3,5,"PAV","N",4,22.4
3,5,"PAV","N",4,30.9
3,5,"PAV","N",4,21.2
3,5,"PAV","P",4,16.6
3,5,"PAV","P",4,19.4
3,5,"PAV","P",4,22.8
3,5,"PAV","N+P",4,33.7
3,5,"PAV","N+P",4,34.6
3,5,"PAV","N+P",4,29.2
3,5,"RPV","low",4,22.7
3,5,"RPV","low",4,34.2
3,5,"RPV","low",4,26.1
3,5,"RPV","N",4,14.9
3,5,"RPV","N",4,34.1
3,5,"RPV","N",4,6
3,5,"RPV","P",4,10.5
3,5,"RPV","P",4,33.5
3,5,"RPV","P",4,21.5
3,5,"RPV","N+P",4,33.4
3,5,"RPV","N+P",4,31.9
3,5,"RPV","N+P",4,18.8
3,5,"coinfection","low",4,8.1
3,5,"coinfection","low",4,32
3,5,"coinfection","low",4,25.2
3,5,"coinfection","N",4,6.6
3,5,"coinfection","N",4,33.7
3,5,"coinfection","N",4,32.8
3,5,"coinfection","P",4,18.9
3,5,"coinfection","P",4,31.7
3,5,"coinfection","P",4,23.8
3,5,"coinfection","N+P",4,33.7
3,5,"coinfection","N+P",4,20.5
3,5,"coinfection","N+P",4,16.2
3,6,"healthy","low",4,36.8
3,6,"healthy","low",4,27.8
3,6,"healthy","low",4,19.3
3,6,"healthy","N",4,39.1
3,6,"healthy","N",4,27.8
3,6,"healthy","N",4,18.5
3,6,"healthy","P",4,33.4
3,6,"healthy","P",4,25.9
3,6,"healthy","P",4,25.5
3,6,"healthy","N+P",4,29.7
3,6,"healthy","N+P",4,28.7
3,6,"healthy","N+P",4,23.3
3,6,"PAV","low",4,24.8
3,6,"PAV","low",4,30.6
3,6,"PAV","low",4,22.8
3,6,"PAV","N",4,31.5
3,6,"PAV","N",4,29.9
3,6,"PAV","N",4,26.4
3,6,"PAV","P",4,15.9
3,6,"PAV","P",4,27.1
3,6,"PAV","P",4,19.3
3,6,"PAV","N+P",4,29.8
3,6,"PAV","N+P",4,36.7
3,6,"PAV","N+P",4,28.3
3,6,"RPV","low",4,36.8
3,6,"RPV","low",4,22.7
3,6,"RPV","low",4,17.3
3,6,"RPV","N",4,32.1
3,6,"RPV","N",4,26.6
3,6,"RPV","N",4,19
3,6,"RPV","P",4,34.7
3,6,"RPV","P",4,23.2
3,6,"RPV","P",4,17.8
3,6,"RPV","N+P",4,20.5
3,6,"RPV","N+P",4,24.2
3,6,"RPV","N+P",4,23.8
3,6,"coinfection","low",4,38.7
3,6,"coinfection","low",4,34.7
3,6,"coinfection","low",4,30.2
3,6,"coinfection","N",4,36.8
3,6,"coinfection","N",4,39.5
3,6,"coinfection","N",4,35.9
3,6,"coinfection","P",4,33.1
3,6,"coinfection","P",4,30.8
3,6,"coinfection","P",4,24.1
3,6,"coinfection","N+P",4,31.3
3,6,"coinfection","N+P",4,32.8
3,6,"coinfection","N+P",4,28.1
3,7,"healthy","low",4,34.6
3,7,"healthy","low",4,26.5
3,7,"healthy","low",4,23.1
3,7,"healthy","N",4,33.9
3,7,"healthy","N",4,28.6
3,7,"healthy","N",4,17.8
3,7,"healthy","P",4,18.9
3,7,"healthy","P",4,11
3,7,"healthy","P",4,9
3,7,"healthy","N+P",4,32.1
3,7,"healthy","N+P",4,28.3
3,7,"healthy","N+P",4,23.3
3,7,"PAV","low",4,27.2
3,7,"PAV","low",4,31.3
3,7,"PAV","low",4,23.3
3,7,"PAV","N",4,40.1
3,7,"PAV","N",4,31.4
3,7,"PAV","N",4,20.7
3,7,"PAV","P",4,27.8
3,7,"PAV","P",4,22.9
3,7,"PAV","P",4,22.7
3,7,"PAV","N+P",4,26.8
3,7,"PAV","N+P",4,27.1
3,7,"PAV","N+P",4,24.1
3,7,"RPV","low",4,35.3
3,7,"RPV","low",4,27.4
3,7,"RPV","low",4,23.1
3,7,"RPV","N",4,31.6
3,7,"RPV","N",4,31.4
3,7,"RPV","N",4,28.1
3,7,"RPV","P",4,17.8
3,7,"RPV","P",4,27
3,7,"RPV","P",4,24.8
3,7,"RPV","N+P",4,28
3,7,"RPV","N+P",4,31.7
3,7,"RPV","N+P",4,24.7
3,7,"coinfection","low",4,11.1
3,7,"coinfection","low",4,27.2
3,7,"coinfection","low",4,24.6
3,7,"coinfection","N",4,13.8
3,7,"coinfection","N",4,22.6
3,7,"coinfection","N",4,26.8
3,7,"coinfection","P",4,12.9
3,7,"coinfection","P",4,22.4
3,7,"coinfection","P",4,21.2
3,7,"coinfection","N+P",4,27.5
3,7,"coinfection","N+P",4,37.9
3,7,"coinfection","N+P",4,31.6
3,8,"healthy","low",4,29.8
3,8,"healthy","low",4,27.2
3,8,"healthy","low",4,19.6
3,8,"healthy","N",4,40.2
3,8,"healthy","N",4,30.1
3,8,"healthy","N",4,20.8
3,8,"healthy","P",4,34.7
3,8,"healthy","P",4,25.5
3,8,"healthy","P",4,15.7
3,8,"healthy","N+P",4,33.2
3,8,"healthy","N+P",4,29.8
3,8,"healthy","N+P",4,21.5
3,8,"PAV","low",4,30
3,8,"PAV","low",4,24.4
3,8,"PAV","low",4,18
3,8,"PAV","N",4,31.1
3,8,"PAV","N",4,23.2
3,8,"PAV","N",4,13.2
3,8,"PAV","P",4,25.7
3,8,"PAV","P",4,23.2
3,8,"PAV","P",4,11.7
3,8,"PAV","N+P",4,25.4
3,8,"PAV","N+P",4,28.9
3,8,"PAV","N+P",4,28.8
3,8,"RPV","low",4,30.2
3,8,"RPV","low",4,27.5
3,8,"RPV","low",4,23.3
3,8,"RPV","N",4,36
3,8,"RPV","N",4,29.1
3,8,"RPV","N",4,27.2
3,8,"RPV","P",4,33.4
3,8,"RPV","P",4,29.3
3,8,"RPV","P",4,21.9
3,8,"RPV","N+P",4,21.4
3,8,"RPV","N+P",4,30.6
3,8,"RPV","N+P",4,22.1
3,8,"coinfection","low",4,25.1
3,8,"coinfection","low",4,28.6
3,8,"coinfection","low",4,26.6
3,8,"coinfection","N",4,25.4
3,8,"coinfection","N",4,39.3
3,8,"coinfection","N",4,32.6
3,8,"coinfection","P",4,38.5
3,8,"coinfection","P",4,33.7
3,8,"coinfection","P",4,28.1
3,8,"coinfection","N+P",4,39.6
3,8,"coinfection","N+P",4,37.8
3,8,"coinfection","N+P",4,24.9
4,1,"healthy","low",5,NA
4,1,"healthy","low",5,NA
4,1,"healthy","low",5,NA
4,1,"healthy","N",5,NA
4,1,"healthy","N",5,NA
4,1,"healthy","N",5,NA
4,1,"healthy","P",5,NA
4,1,"healthy","P",5,NA
4,1,"healthy","P",5,NA
4,1,"healthy","N+P",5,NA
4,1,"healthy","N+P",5,NA
4,1,"healthy","N+P",5,NA
4,1,"PAV","low",5,NA
4,1,"PAV","low",5,NA
4,1,"PAV","low",5,NA
4,1,"PAV","N",5,NA
4,1,"PAV","N",5,NA
4,1,"PAV","N",5,NA
4,1,"PAV","P",5,NA
4,1,"PAV","P",5,NA
4,1,"PAV","P",5,NA
4,1,"PAV","N+P",5,NA
4,1,"PAV","N+P",5,NA
4,1,"PAV","N+P",5,NA
4,1,"RPV","low",5,NA
4,1,"RPV","low",5,NA
4,1,"RPV","low",5,NA
4,1,"RPV","N",5,NA
4,1,"RPV","N",5,NA
4,1,"RPV","N",5,NA
4,1,"RPV","P",5,NA
4,1,"RPV","P",5,NA
4,1,"RPV","P",5,NA
4,1,"RPV","N+P",5,NA
4,1,"RPV","N+P",5,NA
4,1,"RPV","N+P",5,NA
4,1,"coinfection","low",5,NA
4,1,"coinfection","low",5,NA
4,1,"coinfection","low",5,NA
4,1,"coinfection","N",5,NA
4,1,"coinfection","N",5,NA
4,1,"coinfection","N",5,NA
4,1,"coinfection","P",5,NA
4,1,"coinfection","P",5,NA
4,1,"coinfection","P",5,NA
4,1,"coinfection","N+P",5,NA
4,1,"coinfection","N+P",5,NA
4,1,"coinfection","N+P",5,NA
4,2,"healthy","low",5,34.9
4,2,"healthy","low",5,26.1
4,2,"healthy","low",5,7.8
4,2,"healthy","N",5,35.8
4,2,"healthy","N",5,30.8
4,2,"healthy","N",5,13.8
4,2,"healthy","P",5,5.2
4,2,"healthy","P",5,NA
4,2,"healthy","P",5,NA
4,2,"healthy","N+P",5,35.4
4,2,"healthy","N+P",5,29
4,2,"healthy","N+P",5,19.9
4,2,"PAV","low",5,15.2
4,2,"PAV","low",5,25.3
4,2,"PAV","low",5,18.1
4,2,"PAV","N",5,32.2
4,2,"PAV","N",5,31.3
4,2,"PAV","N",5,20
4,2,"PAV","P",5,28
4,2,"PAV","P",5,25.6
4,2,"PAV","P",5,16.2
4,2,"PAV","N+P",5,27.8
4,2,"PAV","N+P",5,30.4
4,2,"PAV","N+P",5,16.9
4,2,"RPV","low",5,28.4
4,2,"RPV","low",5,25.4
4,2,"RPV","low",5,22.4
4,2,"RPV","N",5,28.2
4,2,"RPV","N",5,28.1
4,2,"RPV","N",5,19.9
4,2,"RPV","P",5,30.5
4,2,"RPV","P",5,29.9
4,2,"RPV","P",5,23.2
4,2,"RPV","N+P",5,31.9
4,2,"RPV","N+P",5,26.8
4,2,"RPV","N+P",5,22.4
4,2,"coinfection","low",5,15.6
4,2,"coinfection","low",5,23
4,2,"coinfection","low",5,19.5
4,2,"coinfection","N",5,23.7
4,2,"coinfection","N",5,20
4,2,"coinfection","N",5,17.2
4,2,"coinfection","P",5,23.7
4,2,"coinfection","P",5,22
4,2,"coinfection","P",5,13.9
4,2,"coinfection","N+P",5,24.8
4,2,"coinfection","N+P",5,27
4,2,"coinfection","N+P",5,14
4,3,"healthy","low",5,26.2
4,3,"healthy","low",5,23.3
4,3,"healthy","low",5,12.1
4,3,"healthy","N",5,23.3
4,3,"healthy","N",5,28.3
4,3,"healthy","N",5,17.1
4,3,"healthy","P",5,27.5
4,3,"healthy","P",5,21.2
4,3,"healthy","P",5,8.1
4,3,"healthy","N+P",5,21.2
4,3,"healthy","N+P",5,30.6
4,3,"healthy","N+P",5,15.2
4,3,"PAV","low",5,30.6
4,3,"PAV","low",5,25.5
4,3,"PAV","low",5,7.5
4,3,"PAV","N",5,26.7
4,3,"PAV","N",5,28.1
4,3,"PAV","N",5,13.6
4,3,"PAV","P",5,32
4,3,"PAV","P",5,22
4,3,"PAV","P",5,11.7
4,3,"PAV","N+P",5,12.6
4,3,"PAV","N+P",5,28.3
4,3,"PAV","N+P",5,17.9
4,3,"RPV","low",5,25.8
4,3,"RPV","low",5,27.4
4,3,"RPV","low",5,10.6
4,3,"RPV","N",5,27.4
4,3,"RPV","N",5,26.8
4,3,"RPV","N",5,15.7
4,3,"RPV","P",5,28.1
4,3,"RPV","P",5,24.3
4,3,"RPV","P",5,15.7
4,3,"RPV","N+P",5,28.8
4,3,"RPV","N+P",5,25.2
4,3,"RPV","N+P",5,12
4,3,"coinfection","low",5,0.3
4,3,"coinfection","low",5,23.8
4,3,"coinfection","low",5,17.4
4,3,"coinfection","N",5,10.5
4,3,"coinfection","N",5,29.5
4,3,"coinfection","N",5,12.8
4,3,"coinfection","P",5,0
4,3,"coinfection","P",5,10.6
4,3,"coinfection","P",5,15.5
4,3,"coinfection","N+P",5,15.4
4,3,"coinfection","N+P",5,18.1
4,3,"coinfection","N+P",5,15.7
4,4,"healthy","low",5,15.2
4,4,"healthy","low",5,26.2
4,4,"healthy","low",5,21.6
4,4,"healthy","N",5,27.4
4,4,"healthy","N",5,31.4
4,4,"healthy","N",5,17.7
4,4,"healthy","P",5,27.3
4,4,"healthy","P",5,24.6
4,4,"healthy","P",5,16.7
4,4,"healthy","N+P",5,27.3
4,4,"healthy","N+P",5,28.7
4,4,"healthy","N+P",5,21.1
4,4,"PAV","low",5,23.8
4,4,"PAV","low",5,25.8
4,4,"PAV","low",5,13.5
4,4,"PAV","N",5,28.6
4,4,"PAV","N",5,28.4
4,4,"PAV","N",5,20.2
4,4,"PAV","P",5,27.4
4,4,"PAV","P",5,28.1
4,4,"PAV","P",5,17.7
4,4,"PAV","N+P",5,28.3
4,4,"PAV","N+P",5,25.9
4,4,"PAV","N+P",5,16.3
4,4,"RPV","low",5,30.4
4,4,"RPV","low",5,32.2
4,4,"RPV","low",5,21.2
4,4,"RPV","N",5,17.8
4,4,"RPV","N",5,27.1
4,4,"RPV","N",5,20.1
4,4,"RPV","P",5,26.9
4,4,"RPV","P",5,25.2
4,4,"RPV","P",5,17.1
4,4,"RPV","N+P",5,25.1
4,4,"RPV","N+P",5,30.3
4,4,"RPV","N+P",5,19.3
4,4,"coinfection","low",5,26.8
4,4,"coinfection","low",5,27.8
4,4,"coinfection","low",5,21
4,4,"coinfection","N",5,28.6
4,4,"coinfection","N",5,29.4
4,4,"coinfection","N",5,20.5
4,4,"coinfection","P",5,28.9
4,4,"coinfection","P",5,25.3
4,4,"coinfection","P",5,15.2
4,4,"coinfection","N+P",5,26.9
4,4,"coinfection","N+P",5,34.9
4,4,"coinfection","N+P",5,23.4
4,5,"healthy","low",5,16.1
4,5,"healthy","low",5,23.1
4,5,"healthy","low",5,16.9
4,5,"healthy","N",5,32.9
4,5,"healthy","N",5,27.5
4,5,"healthy","N",5,17.1
4,5,"healthy","P",5,30.3
4,5,"healthy","P",5,24
4,5,"healthy","P",5,18.2
4,5,"healthy","N+P",5,25.2
4,5,"healthy","N+P",5,29
4,5,"healthy","N+P",5,22.3
4,5,"PAV","low",5,23
4,5,"PAV","low",5,29.8
4,5,"PAV","low",5,18
4,5,"PAV","N",5,13.5
4,5,"PAV","N",5,27.5
4,5,"PAV","N",5,21.9
4,5,"PAV","P",5,27.7
4,5,"PAV","P",5,24.4
4,5,"PAV","P",5,18.6
4,5,"PAV","N+P",5,27
4,5,"PAV","N+P",5,28.4
4,5,"PAV","N+P",5,20.5
4,5,"RPV","low",5,18.2
4,5,"RPV","low",5,21.7
4,5,"RPV","low",5,14.6
4,5,"RPV","N",5,21.2
4,5,"RPV","N",5,23.6
4,5,"RPV","N",5,17.8
4,5,"RPV","P",5,15.4
4,5,"RPV","P",5,25.7
4,5,"RPV","P",5,18.3
4,5,"RPV","N+P",5,14.6
4,5,"RPV","N+P",5,26.9
4,5,"RPV","N+P",5,19.6
4,5,"coinfection","low",5,31.8
4,5,"coinfection","low",5,29.9
4,5,"coinfection","low",5,22
4,5,"coinfection","N",5,34.5
4,5,"coinfection","N",5,28.5
4,5,"coinfection","N",5,17.7
4,5,"coinfection","P",5,31.6
4,5,"coinfection","P",5,25.2
4,5,"coinfection","P",5,25.3
4,5,"coinfection","N+P",5,33.7
4,5,"coinfection","N+P",5,28
4,5,"coinfection","N+P",5,24.9
4,6,"healthy","low",5,29.8
4,6,"healthy","low",5,24.1
4,6,"healthy","low",5,17.9
4,6,"healthy","N",5,33.3
4,6,"healthy","N",5,29.9
4,6,"healthy","N",5,13.2
4,6,"healthy","P",5,13.3
4,6,"healthy","P",5,24.3
4,6,"healthy","P",5,17.5
4,6,"healthy","N+P",5,35.4
4,6,"healthy","N+P",5,30.2
4,6,"healthy","N+P",5,19.8
4,6,"PAV","low",5,31.4
4,6,"PAV","low",5,21.5
4,6,"PAV","low",5,10.8
4,6,"PAV","N",5,30.9
4,6,"PAV","N",5,28.5
4,6,"PAV","N",5,10
4,6,"PAV","P",5,21.4
4,6,"PAV","P",5,28.9
4,6,"PAV","P",5,20.7
4,6,"PAV","N+P",5,23.2
4,6,"PAV","N+P",5,27.7
4,6,"PAV","N+P",5,21
4,6,"RPV","low",5,26.8
4,6,"RPV","low",5,29.6
4,6,"RPV","low",5,18.6
4,6,"RPV","N",5,31.7
4,6,"RPV","N",5,25.4
4,6,"RPV","N",5,17.5
4,6,"RPV","P",5,14.7
4,6,"RPV","P",5,17.1
4,6,"RPV","P",5,18.3
4,6,"RPV","N+P",5,33.7
4,6,"RPV","N+P",5,25.5
4,6,"RPV","N+P",5,11.2
4,6,"coinfection","low",5,23.6
4,6,"coinfection","low",5,26.3
4,6,"coinfection","low",5,18.5
4,6,"coinfection","N",5,28.9
4,6,"coinfection","N",5,35.3
4,6,"coinfection","N",5,28.9
4,6,"coinfection","P",5,24.7
4,6,"coinfection","P",5,31.9
4,6,"coinfection","P",5,24.1
4,6,"coinfection","N+P",5,26.1
4,6,"coinfection","N+P",5,30
4,6,"coinfection","N+P",5,22.3
4,7,"healthy","low",5,26.4
4,7,"healthy","low",5,22.9
4,7,"healthy","low",5,17.5
4,7,"healthy","N",5,31.3
4,7,"healthy","N",5,27.5
4,7,"healthy","N",5,21.1
4,7,"healthy","P",5,28.1
4,7,"healthy","P",5,25.3
4,7,"healthy","P",5,18.9
4,7,"healthy","N+P",5,27.9
4,7,"healthy","N+P",5,30
4,7,"healthy","N+P",5,23.2
4,7,"PAV","low",5,9
4,7,"PAV","low",5,23.3
4,7,"PAV","low",5,21.1
4,7,"PAV","N",5,28.6
4,7,"PAV","N",5,26.4
4,7,"PAV","N",5,18
4,7,"PAV","P",5,18.9
4,7,"PAV","P",5,28.6
4,7,"PAV","P",5,18.4
4,7,"PAV","N+P",5,13.8
4,7,"PAV","N+P",5,21.1
4,7,"PAV","N+P",5,20.8
4,7,"RPV","low",5,20.6
4,7,"RPV","low",5,23.4
4,7,"RPV","low",5,24.6
4,7,"RPV","N",5,28.4
4,7,"RPV","N",5,22.3
4,7,"RPV","N",5,16.2
4,7,"RPV","P",5,28.2
4,7,"RPV","P",5,26.6
4,7,"RPV","P",5,13.7
4,7,"RPV","N+P",5,34.4
4,7,"RPV","N+P",5,23.7
4,7,"RPV","N+P",5,17.9
4,7,"coinfection","low",5,33.4
4,7,"coinfection","low",5,27.7
4,7,"coinfection","low",5,25.6
4,7,"coinfection","N",5,23.3
4,7,"coinfection","N",5,29.6
4,7,"coinfection","N",5,22.8
4,7,"coinfection","P",5,34.8
4,7,"coinfection","P",5,24.5
4,7,"coinfection","P",5,13.9
4,7,"coinfection","N+P",5,16.6
4,7,"coinfection","N+P",5,25
4,7,"coinfection","N+P",5,20.6
4,8,"healthy","low",5,13.1
4,8,"healthy","low",5,18.2
4,8,"healthy","low",5,12.9
4,8,"healthy","N",5,29.5
4,8,"healthy","N",5,29.2
4,8,"healthy","N",5,25.2
4,8,"healthy","P",5,13.7
4,8,"healthy","P",5,23.3
4,8,"healthy","P",5,17.3
4,8,"healthy","N+P",5,30.6
4,8,"healthy","N+P",5,33.3
4,8,"healthy","N+P",5,18.7
4,8,"PAV","low",5,27.6
4,8,"PAV","low",5,23.4
4,8,"PAV","low",5,17.5
4,8,"PAV","N",5,21.1
4,8,"PAV","N",5,29.6
4,8,"PAV","N",5,22.7
4,8,"PAV","P",5,34.6
4,8,"PAV","P",5,25.5
4,8,"PAV","P",5,21.6
4,8,"PAV","N+P",5,20.1
4,8,"PAV","N+P",5,23.9
4,8,"PAV","N+P",5,19.5
4,8,"RPV","low",5,19.3
4,8,"RPV","low",5,20.1
4,8,"RPV","low",5,16.6
4,8,"RPV","N",5,32.2
4,8,"RPV","N",5,27.5
4,8,"RPV","N",5,17.2
4,8,"RPV","P",5,19.6
4,8,"RPV","P",5,22.6
4,8,"RPV","P",5,15.4
4,8,"RPV","N+P",5,15.9
4,8,"RPV","N+P",5,26.1
4,8,"RPV","N+P",5,20.1
4,8,"coinfection","low",5,18.1
4,8,"coinfection","low",5,28.9
4,8,"coinfection","low",5,24.7
4,8,"coinfection","N",5,36.5
4,8,"coinfection","N",5,35.6
4,8,"coinfection","N",5,26
4,8,"coinfection","P",5,21.3
4,8,"coinfection","P",5,27.8
4,8,"coinfection","P",5,20.2
4,8,"coinfection","N+P",5,20.2
4,8,"coinfection","N+P",5,37.4
4,8,"coinfection","N+P",5,23.5
