round,time,inoc,nutrient,replicate,nutrient_t,ext_date_t,RT_date_t,PCR_date_t,gel_date_t,PAV_t,RPV_t,notes_t,ext_notes_t,gel_notes_t,material
1,1,RPV,low,1,N+P,5,4/8/15,4/20/15,4/21/15,0,0,NA,NA,NA,shoot
1,1,RPV,low,1,P,5,4/8/15,4/20/15,4/21/15,0,0,NA,NA,NA,shoot
1,1,RPV,low,1,low,9,4/14/15,4/17/15,4/17/15,0,0.5,NA,NA,NA,shoot
1,1,RPV,low,1,N,5,4/8/15,4/20/15,4/21/15,0,1,NA,NA,NA,shoot
1,1,RPV,low,2,N,3/10/16,3/11/16,3/13/16,3/13/16,0,0,NA,NA,NA,shoot
1,1,RPV,low,2,N+P,3/10/16,3/11/16,3/13/16,3/13/16,0,0,NA,NA,NA,shoot
1,1,RPV,low,2,P,3/10/16,3/11/16,3/13/16,3/13/16,0,1,NA,NA,NA,shoot
1,1,RPV,N,1,low,3/10/16,3/11/16,3/13/16,3/13/16,0,0,NA,NA,NA,shoot
1,1,RPV,N,1,N,3/10/16,3/11/16,3/13/16,3/13/16,0,0,NA,NA,NA,shoot
1,1,RPV,N,1,N+P,3/10/16,3/11/16,3/13/16,3/13/16,0,0,NA,NA,NA,shoot
1,1,RPV,N,1,P,3/10/16,3/11/16,3/13/16,3/13/16,0,1,NA,NA,NA,shoot
1,1,RPV,N,2,low,3/10/16,3/11/16,3/13/16,3/13/16,0,0,NA,NA,NA,shoot
1,1,RPV,N,2,N,3/10/16,3/11/16,3/13/16,3/13/16,0,1,NA,NA,NA,shoot
1,1,RPV,N,2,N+P,3/10/16,3/11/16,3/13/16,3/13/16,0,1,NA,NA,NA,shoot
1,1,RPV,N,2,P,3/10/16,3/11/16,3/13/16,3/13/16,0,0,NA,NA,NA,shoot
1,1,RPV,N+P,1,low,3/10/16,3/11/16,3/13/16,3/13/16,0,1,NA,NA,NA,shoot
1,1,RPV,N+P,1,N,3/10/16,3/11/16,3/13/16,3/13/16,0,1,NA,NA,NA,shoot
1,1,RPV,N+P,1,N+P,3/10/16,3/11/16,3/13/16,3/13/16,0,1,NA,NA,NA,shoot
1,1,RPV,N+P,1,P,3/10/16,3/11/16,3/13/16,3/13/16,0,1,NA,NA,NA,shoot
1,1,RPV,N+P,2,low,6,4/8/15,4/20/15,4/21/15,0,0.5,NA,NA,NA,shoot
1,1,RPV,N+P,2,N+P,9,4/14/15,4/17/15,4/17/15,0,0.5,NA,NA,NA,shoot
1,1,RPV,N+P,2,P,9,4/14/15,4/17/15,4/17/15,0,0.5,NA,NA,NA,shoot
1,1,RPV,P,1,low,3/10/16,3/11/16,3/13/16,3/13/16,0,1,NA,NA,NA,shoot
1,1,RPV,P,1,N,3/10/16,3/11/16,3/13/16,3/13/16,0,0,NA,NA,NA,shoot
1,1,RPV,P,1,N+P,3/10/16,3/11/16,3/13/16,3/13/16,0,0.5,NA,NA,NA,shoot
1,1,RPV,P,1,P,3/10/16,3/11/16,3/13/16,3/13/16,0,0.5,NA,NA,NA,shoot
1,1,RPV,P,2,low,6,4/8/15,4/20/15,4/21/15,0,0.5,NA,NA,NA,shoot
1,1,RPV,P,2,N+P,6,4/8/15,4/20/15,4/21/15,0,0,NA,NA,NA,shoot
1,1,RPV,P,2,P,6,4/8/15,4/20/15,4/21/15,0,0.5,NA,NA,NA,shoot
1,1,coinfection,low,1,low,8/13/15,8/19/15,8/21/15,8/21/15,0,1,NA,NA,NA,shoot
1,1,coinfection,low,1,N,8/17/15,8/19/15,8/21/15,8/21/15,0.5,0.5,NA,Re-do from 8/13/15,NA,shoot
1,1,coinfection,low,1,N+P,8/13/15,8/19/15,8/21/15,8/21/15,0.5,0,NA,NA,NA,shoot
1,1,coinfection,low,2,P,8/13/15,8/19/15,8/21/15,8/21/15,0,0,NA,NA,NA,shoot
1,1,coinfection,low,2,low,8/13/15,8/19/15,8/21/15,8/21/15,1,0,NA,NA,NA,shoot
1,1,coinfection,low,2,N,8/13/15,8/19/15,8/21/15,8/21/15,0,0,NA,NA,NA,shoot
1,1,coinfection,low,2,N+P,8/13/15,8/19/15,8/21/15,8/21/15,0,0,NA,NA,NA,shoot
1,1,coinfection,N,2,low,8/17/15,8/19/15,8/21/15,8/21/15,0.5,1,NA,Re-do from 8/13/15,NA,shoot
1,1,coinfection,N,2,N+P,8/13/15,8/19/15,8/21/15,8/21/15,0,0.5,NA,small amount of plant tissue - may have broken during experiment,NA,shoot
1,1,coinfection,N,2,P,8/17/15,8/19/15,8/21/15,8/21/15,0,1,NA,Re-do from 8/13/15,NA,shoot
1,1,coinfection,N+P,1,low,3/22/16,3/25/16,3/25/16,3/26/16,1,0,NA,NA,NA,shoot
1,1,coinfection,N+P,1,N,3/22/16,3/25/16,3/25/16,3/26/16,0,1,NA,NA,NA,shoot
1,1,coinfection,N+P,1,N+P,3/22/16,3/25/16,3/25/16,3/26/16,0.5,0,NA,NA,NA,shoot
1,1,coinfection,N+P,1,P,3/22/16,3/25/16,3/25/16,3/26/16,1,0,NA,NA,NA,shoot
1,1,coinfection,N+P,2,low,3/22/16,3/25/16,3/25/16,3/26/16,1,1,NA,NA,NA,shoot
1,1,coinfection,N+P,2,N,3/22/16,3/25/16,3/25/16,3/26/16,1,0,NA,NA,NA,shoot
1,1,coinfection,P,1,N,8/18/15,8/19/15,8/21/15,8/21/15,0,1,NA,NA,NA,shoot
1,1,coinfection,P,1,N+P,8/18/15,8/19/15,8/21/15,8/21/15,1,1,NA,NA,NA,shoot
1,1,coinfection,P,1,low,3/22/16,3/25/16,3/25/16,3/26/16,0,0,NA,NA,NA,shoot
1,1,coinfection,P,1,P,3/22/16,3/25/16,3/25/16,3/26/16,0,0,NA,NA,NA,shoot
1,1,coinfection,P,2,low,3/22/16,3/25/16,3/25/16,3/26/16,0.5,0,NA,NA,NA,shoot
1,1,coinfection,P,2,N,3/22/16,3/25/16,3/25/16,3/26/16,1,0,NA,NA,NA,shoot
1,1,coinfection,P,2,N+P,3/22/16,3/25/16,3/25/16,3/26/16,0,1,NA,NA,NA,shoot
1,1,coinfection,P,2,P,3/22/16,3/25/16,3/25/16,3/26/16,0,0,NA,NA,NA,shoot
1,1,PAV,low,1,low,8/13/15,8/19/15,8/21/15,8/21/15,0,0,NA,NA,NA,shoot
1,1,PAV,low,1,N,8/13/15,8/19/15,8/21/15,8/21/15,0,0.5,NA,NA,NA,shoot
1,1,PAV,low,1,N+P,8/13/15,8/19/15,8/21/15,8/21/15,0,0,NA,NA,NA,shoot
1,1,PAV,low,1,P,8/13/15,8/19/15,8/21/15,8/21/15,1,0,NA,NA,NA,shoot
1,1,PAV,low,2,P,8/13/15,8/19/15,8/21/15,8/21/15,0.5,0,NA,NA,NA,shoot
1,1,PAV,low,2,low,8/13/15,8/19/15,8/21/15,8/21/15,0.5,1,NA,NA,NA,shoot
1,1,PAV,low,2,N,8/13/15,8/19/15,8/21/15,8/21/15,1,0,NA,NA,NA,shoot
1,2,RPV,low,1,low,12/9/16,12/16/16,12/30/16,12/30/16,0,0,NA,NA,PAV and RPV ctrls didn't show up,shoot
1,2,RPV,low,1,N,12/9/16,12/16/16,12/30/16,12/30/16,0.5,0.5,NA,NA,PAV and RPV ctrls didn't show up,shoot
1,2,RPV,N,1,N,6,4/8/15,4/20/15,4/21/15,0,1,NA,NA,NA,shoot
1,2,RPV,N,1,N+P,6,4/8/15,4/20/15,4/21/15,0,0.5,NA,NA,NA,shoot
1,2,RPV,N,1,P,6,4/8/15,4/20/15,4/21/15,0,1,NA,NA,NA,shoot
1,2,RPV,N+P,1,low,3/10/16,3/11/16,3/13/16,3/13/16,0,1,NA,NA,NA,shoot
1,2,RPV,N+P,1,N,3/10/16,3/11/16,3/13/16,3/13/16,0,1,NA,NA,NA,shoot
1,2,RPV,N+P,1,N+P,3/10/16,3/11/16,3/13/16,3/13/16,0,1,NA,NA,NA,shoot
1,2,RPV,N+P,1,P,3/10/16,3/11/16,3/13/16,3/13/16,0,1,NA,NA,NA,shoot
1,2,RPV,N+P,2,low,6,4/8/15,4/20/15,4/21/15,0,1,NA,NA,NA,shoot
1,2,RPV,N+P,2,N+P,6,4/8/15,4/20/15,4/21/15,0,1,NA,NA,NA,shoot
1,2,RPV,N+P,2,P,6,4/8/15,4/20/15,4/21/15,0,1,NA,NA,NA,shoot
1,2,RPV,P,1,low,3/10/16,3/11/16,3/13/16,3/13/16,0,1,NA,NA,NA,shoot
1,2,coinfection,low,1,N,3/22/16,3/25/16,3/25/16,3/26/16,0,0.5,NA,NA,NA,shoot
1,2,coinfection,low,1,N+P,3/22/16,3/25/16,3/25/16,3/26/16,0,0.5,NA,NA,NA,shoot
1,2,coinfection,N,1,N,3/22/16,3/25/16,3/25/16,3/26/16,0,1,NA,NA,NA,shoot
1,2,coinfection,N,1,N+P,3/22/16,3/25/16,3/25/16,3/26/16,0,1,NA,NA,NA,shoot
1,2,coinfection,N+P,1,low,3/22/16,3/25/16,3/25/16,3/26/16,0,1,NA,NA,NA,shoot
1,2,coinfection,N+P,1,N,3/22/16,3/25/16,3/25/16,3/26/16,0,1,NA,NA,NA,shoot
1,2,coinfection,N+P,1,N+P,3/22/16,3/25/16,3/25/16,3/26/16,0,1,NA,NA,NA,shoot
1,2,coinfection,N+P,1,P,3/22/16,3/25/16,3/25/16,3/26/16,0,1,NA,NA,NA,shoot
1,2,coinfection,N+P,2,low,3/22/16,3/25/16,3/25/16,3/26/16,0,1,NA,NA,NA,shoot
1,2,coinfection,N+P,2,N,3/22/16,3/25/16,3/25/16,3/26/16,0,1,NA,NA,NA,shoot
1,2,coinfection,N+P,2,N+P,3/22/16,3/25/16,3/25/16,3/26/16,0,1,NA,NA,NA,shoot
1,2,coinfection,N+P,2,P,3/22/16,3/25/16,3/25/16,3/26/16,0,1,NA,NA,NA,shoot
1,2,coinfection,N+P,2,N+P,3/23/16,3/25/16,3/25/16,3/26/16,0,1,NA,NA,NA,shoot
1,2,coinfection,P,1,low,8/13/15,8/19/15,8/21/15,8/21/15,0,1,NA,NA,NA,shoot
1,2,coinfection,P,1,P,8/13/15,8/19/15,8/21/15,8/21/15,0,0,NA,NA,NA,shoot
1,2,PAV,P,1,P,8/18/15,8/19/15,8/21/15,8/21/15,1,0.5,NA,sample incubated at RT for 10 min before being heated,NA,shoot
1,3,RPV,low,1,low,3/10/16,3/11/16,3/13/16,3/13/16,0,1,NA,NA,NA,shoot
1,3,RPV,low,1,N,3/10/16,3/11/16,3/13/16,3/13/16,0,1,NA,NA,NA,shoot
1,3,RPV,low,1,N+P,3/10/16,3/11/16,3/13/16,3/13/16,0,1,NA,NA,NA,shoot
1,3,RPV,low,1,P,3/10/16,3/11/16,3/13/16,3/13/16,0,0,NA,NA,NA,shoot
1,3,RPV,low,2,N,3/10/16,3/11/16,3/13/16,3/13/16,0,1,NA,NA,NA,shoot
1,3,RPV,N,2,N,6,4/8/15,4/20/15,4/21/15,0,0,NA,NA,NA,shoot
1,3,RPV,N,2,P,6,4/8/15,4/20/15,4/21/15,0,0,NA,NA,NA,shoot
1,3,RPV,N+P,2,N+P,6,4/8/15,4/20/15,4/21/15,0,0,NA,NA,NA,shoot
1,3,RPV,N+P,3,N+P,3/10/16,3/11/16,3/13/16,3/13/16,0,1,NA,NA,NA,shoot
1,3,RPV,P,1,N+P,12/1/15,1/6/16,1/7/16,1/7/16,0,1,NA,NA,PAV ctrl didnêt show up,shoot
1,3,RPV,P,1,N,12/1/15,1/6/16,1/7/16,1/7/16,0.5,1,NA,NA,PAV ctrl didnêt show up,shoot
1,3,RPV,P,1,low,12/1/15,1/6/16,1/7/16,1/7/16,0,0,NA,NA,PAV ctrl didnêt show up,shoot
1,3,RPV,P,1,P,12/1/15,1/6/16,1/7/16,1/7/16,0,0.5,NA,NA,PAV ctrl didnêt show up,shoot
1,3,RPV,P,2,N+P,6,4/8/15,4/20/15,4/21/15,0,0.5,NA,NA,NA,shoot
1,3,RPV,P,2,P,6,4/8/15,4/20/15,4/21/15,0,0,NA,NA,NA,shoot
1,3,coinfection,low,1,low,3/22/16,3/25/16,3/25/16,3/26/16,1,0,NA,NA,NA,shoot
1,3,coinfection,low,1,N,3/22/16,3/25/16,3/25/16,3/26/16,1,0,NA,NA,NA,shoot
1,3,coinfection,low,1,N+P,3/22/16,3/25/16,3/25/16,3/26/16,1,1,NA,NA,NA,shoot
1,3,coinfection,low,1,P,3/22/16,3/25/16,3/25/16,3/26/16,0.5,1,NA,NA,NA,shoot
1,3,coinfection,low,2,N,3/22/16,3/25/16,3/25/16,3/26/16,0.5,1,NA,NA,NA,shoot
1,3,coinfection,N,1,low,2/3/16,2/10/16,2/10/16,2/10/16,1,1,NA,NA,NA,shoot
1,3,coinfection,N,1,N,2/3/16,2/10/16,2/10/16,2/10/16,1,1,NA,NA,NA,shoot
1,3,coinfection,N,1,N+P,2/3/16,2/10/16,2/10/16,2/10/16,0,0,NA,NA,NA,shoot
1,3,coinfection,N,1,P,2/3/16,2/10/16,2/10/16,2/10/16,1,0.5,NA,NA,NA,shoot
1,3,coinfection,N,2,low,2/3/16,2/10/16,2/10/16,2/10/16,0.5,1,NA,NA,NA,shoot
1,3,coinfection,N,2,N,2/3/16,2/10/16,2/10/16,2/10/16,1,1,NA,NA,NA,shoot
1,3,coinfection,N,2,P,2/3/16,2/10/16,2/10/16,2/10/16,0,1,NA,NA,NA,shoot
1,3,coinfection,N+P,1,low,2/3/16,2/10/16,2/10/16,2/10/16,1,0.5,NA,NA,NA,shoot
1,3,coinfection,N+P,1,N,2/3/16,2/10/16,2/10/16,2/10/16,1,1,NA,NA,NA,shoot
1,3,coinfection,N+P,1,N+P,2/3/16,2/10/16,2/10/16,2/10/16,0.5,0,NA,NA,NA,shoot
1,3,coinfection,N+P,2,N+P,3/22/16,3/25/16,3/25/16,3/26/16,0,0,NA,NA,NA,shoot
1,3,coinfection,P,1,low,2/3/16,2/10/16,2/10/16,2/10/16,0,0.5,NA,NA,NA,shoot
1,3,coinfection,P,1,N,2/3/16,2/10/16,2/10/16,2/10/16,0,1,NA,NA,NA,shoot
1,3,coinfection,P,1,N+P,2/3/16,2/10/16,2/10/16,2/10/16,0.5,1,NA,NA,NA,shoot
1,3,coinfection,P,1,P,2/3/16,2/10/16,2/10/16,2/10/16,1,1,NA,NA,NA,shoot
1,3,coinfection,P,2,N+P,2/3/16,2/10/16,2/10/16,2/10/16,0,1,NA,NA,NA,shoot
1,3,coinfection,P,2,P,2/3/16,2/10/16,2/10/16,2/10/16,1,1,NA,NA,NA,shoot
1,3,PAV,low,1,low,3/29/16,4/1/16,4/1/16,4/4/16,1,0,NA,NA,NA,shoot
1,3,PAV,low,1,N,3/29/16,4/1/16,4/1/16,4/4/16,1,0,NA,NA,NA,shoot
1,3,PAV,low,1,P,3/29/16,4/1/16,4/1/16,4/4/16,1,0,NA,NA,NA,shoot
1,3,PAV,low,2,N,3/29/16,4/1/16,4/1/16,4/4/16,1,0,NA,NA,NA,shoot
1,3,PAV,low,2,N+P,3/29/16,4/1/16,4/1/16,4/4/16,0.5,0,NA,NA,NA,shoot
1,3,PAV,N,1,N+P,3/29/16,4/1/16,4/1/16,4/4/16,1,0,NA,NA,NA,shoot
1,3,PAV,N,1,P,3/29/16,4/1/16,4/1/16,4/4/16,0,0,NA,NA,NA,shoot
1,3,PAV,N,1,low,3/29/16,4/1/16,4/1/16,4/4/16,1,0,NA,NA,NA,shoot
1,3,PAV,N,2,N,3/29/16,4/1/16,4/1/16,4/4/16,0.5,0,NA,NA,NA,shoot
1,3,PAV,N,2,P,3/29/16,4/1/16,4/1/16,4/4/16,0,0,NA,NA,NA,shoot
1,3,PAV,N+P,1,low,3/29/16,4/1/16,4/1/16,4/4/16,1,0,NA,NA,NA,shoot
1,3,PAV,N+P,1,N,3/29/16,4/1/16,4/1/16,4/4/16,0,0,NA,NA,NA,shoot
1,3,PAV,N+P,1,N+P,3/29/16,4/1/16,4/1/16,4/4/16,0,0,NA,NA,NA,shoot
1,3,PAV,N+P,1,P,3/29/16,4/1/16,4/1/16,4/4/16,1,0,NA,NA,NA,shoot
1,3,PAV,N+P,2,low,3/29/16,4/1/16,4/1/16,4/4/16,1,0,NA,NA,NA,shoot
1,3,PAV,N+P,2,N+P,3/29/16,4/1/16,4/1/16,4/4/16,1,0,NA,NA,NA,shoot
1,3,PAV,P,1,low,12/1/15,1/6/16,1/7/16,1/7/16,1,0,NA,NA,PAV ctrl didnêt show up,shoot
1,3,PAV,P,1,N,12/1/15,1/6/16,1/7/16,1/7/16,1,0.5,NA,NA,PAV ctrl didnêt show up,shoot
1,3,PAV,P,1,N+P,12/1/15,1/6/16,1/7/16,1/7/16,1,0.5,NA,NA,PAV ctrl didnêt show up,shoot
1,3,PAV,P,1,P,12/1/15,1/6/16,1/7/16,1/7/16,1,0,NA,NA,PAV ctrl didnêt show up,shoot
1,3,PAV,P,2,N+P,3/29/16,4/1/16,4/1/16,4/4/16,0.5,0,NA,NA,NA,shoot
1,3,PAV,P,2,P,3/29/16,4/1/16,4/1/16,4/4/16,0.5,0,NA,NA,NA,shoot
1,5,RPV,low,1,low,3/23/16,3/25/16,3/25/16,3/26/16,0,0,NA,NA,NA,shoot
1,5,RPV,low,1,N,3/23/16,3/25/16,3/25/16,3/26/16,0,1,NA,NA,NA,shoot
1,5,RPV,low,1,N+P,3/23/16,3/25/16,3/25/16,3/26/16,0,0.5,NA,NA,NA,shoot
1,5,RPV,low,1,P,3/23/16,3/25/16,3/25/16,3/26/16,0,0,NA,NA,NA,shoot
1,5,RPV,N,1,low,3/23/16,3/25/16,3/25/16,3/26/16,0.5,0.5,NA,NA,NA,shoot
1,5,RPV,N,1,N,3/23/16,3/25/16,3/25/16,3/26/16,1,0.5,NA,NA,NA,shoot
1,5,RPV,N,1,N+P,3/23/16,3/25/16,3/25/16,3/26/16,1,0,NA,NA,NA,shoot
1,5,RPV,N,1,P,3/23/16,3/25/16,3/25/16,3/26/16,0,0,NA,NA,NA,shoot
1,5,RPV,N+P,1,low,3/23/16,3/25/16,3/25/16,3/26/16,0.5,1,NA,NA,NA,shoot
1,5,RPV,N+P,1,N+P,3/23/16,3/25/16,3/25/16,3/26/16,0,0,NA,NA,NA,shoot
1,5,RPV,P,1,low,6,4/8/15,4/20/15,4/21/15,0,1,NA,NA,NA,shoot
1,5,RPV,P,1,N,6,4/8/15,4/20/15,4/21/15,0,0,NA,NA,NA,shoot
1,5,RPV,P,1,N+P,6,4/8/15,4/20/15,4/21/15,0.5,1,NA,NA,NA,shoot
1,5,RPV,P,1,P,6,4/8/15,4/20/15,4/21/15,1,0,NA,NA,NA,shoot
1,5,coinfection,low,1,low,2/3/16,2/10/16,2/10/16,2/10/16,1,1,NA,NA,NA,shoot
1,5,coinfection,low,1,N,2/3/16,2/10/16,2/10/16,2/10/16,1,1,NA,NA,NA,shoot
1,5,coinfection,low,1,N+P,2/3/16,2/10/16,2/10/16,2/10/16,1,1,NA,NA,NA,shoot
1,5,coinfection,low,1,P,2/3/16,2/10/16,2/10/16,2/10/16,1,1,NA,NA,NA,shoot
1,5,coinfection,N,1,low,2/3/16,2/10/16,2/10/16,2/10/16,1,1,NA,NA,NA,shoot
1,5,coinfection,N,1,N,2/3/16,2/10/16,2/10/16,2/10/16,1,1,NA,NA,NA,shoot
1,5,coinfection,N,1,N+P,2/3/16,2/10/16,2/10/16,2/10/16,0.5,1,NA,NA,NA,shoot
1,5,coinfection,N,1,P,2/3/16,2/10/16,2/10/16,2/10/16,1,1,NA,NA,NA,shoot
1,5,coinfection,N+P,1,low,2/3/16,2/10/16,2/10/16,2/10/16,1,1,NA,NA,NA,shoot
1,5,coinfection,N+P,1,N,2/3/16,2/10/16,2/10/16,2/10/16,0.5,1,NA,NA,NA,shoot
1,5,coinfection,N+P,1,N+P,2/3/16,2/10/16,2/10/16,2/10/16,1,1,NA,NA,NA,shoot
1,5,coinfection,P,1,low,2/4/16,2/10/16,2/10/16,2/10/16,1,1,NA,NA,NA,shoot
1,5,coinfection,P,1,N,2/4/16,2/10/16,2/10/16,2/10/16,1,1,NA,NA,NA,shoot
1,5,coinfection,P,1,N+P,2/18/16,2/19/16,2/19/16,2/19/16,1,1,NA,NA,NA,shoot
1,5,coinfection,P,1,P,2/18/16,2/19/16,2/19/16,2/19/16,1,1,NA,NA,NA,shoot
1,5,PAV,low,1,low,3/29/16,4/1/16,4/1/16,4/4/16,0.5,0,NA,NA,NA,shoot
1,5,PAV,low,1,N,3/29/16,4/1/16,4/1/16,4/4/16,1,1,NA,NA,NA,shoot
1,5,PAV,low,1,N+P,3/29/16,4/1/16,4/1/16,4/4/16,1,0,NA,NA,NA,shoot
1,5,PAV,low,1,P,3/29/16,4/1/16,4/1/16,4/4/16,0,0,NA,NA,NA,shoot
1,5,PAV,N,1,N,3/29/16,4/1/16,4/1/16,4/4/16,0.5,1,NA,NA,NA,shoot
1,5,PAV,N,1,N+P,3/29/16,4/1/16,4/1/16,4/4/16,0.5,1,NA,NA,NA,shoot
1,5,PAV,N+P,1,low,3/29/16,4/1/16,4/1/16,4/4/16,1,1,NA,NA,NA,shoot
1,5,PAV,N+P,1,N,3/29/16,4/1/16,4/1/16,4/4/16,1,0,NA,NA,NA,shoot
1,5,PAV,N+P,1,N+P,3/29/16,4/1/16,4/1/16,4/4/16,0,0,NA,NA,NA,shoot
1,5,PAV,N+P,1,P,3/29/16,4/1/16,4/1/16,4/4/16,1,0.5,NA,NA,NA,shoot
1,5,PAV,P,1,low,2/5/16,2/10/16,2/10/16,2/10/16,0,0,NA,NA,NA,shoot
1,5,PAV,P,1,N,2/5/16,2/10/16,2/10/16,2/10/16,1,1,NA,NA,NA,shoot
1,5,PAV,P,1,N+P,2/5/16,2/10/16,2/10/16,2/10/16,1,0,NA,NA,NA,shoot
1,5,PAV,P,1,P,2/5/16,2/10/16,2/10/16,2/10/16,0,0,NA,NA,NA,shoot
1,6,RPV,low,1,N,6,4/8/15,4/20/15,4/21/15,0,1,NA,NA,NA,shoot
1,6,RPV,low,1,low,6,4/8/15,4/20/15,4/21/15,0,0.5,NA,NA,NA,shoot
1,6,RPV,low,1,N+P,6,4/8/15,4/20/15,4/21/15,0,0,NA,NA,NA,shoot
1,6,RPV,low,1,P,6,4/8/15,4/20/15,4/21/15,0,1,NA,NA,NA,shoot
1,6,RPV,low,2,low,6,4/8/15,4/20/15,4/21/15,0,0.5,NA,NA,NA,shoot
1,6,RPV,N,1,low,8,4/8/15,4/20/15,4/21/15,0,0,NA,NA,NA,shoot
1,6,RPV,N,1,N,8,4/8/15,4/20/15,4/21/15,0,1,NA,NA,NA,shoot
1,6,RPV,N,1,N+P,8,4/8/15,4/20/15,4/21/15,0,1,NA,NA,NA,shoot
1,6,RPV,N,1,P,8,4/8/15,4/20/15,4/21/15,0,0.5,NA,NA,NA,shoot
1,6,RPV,N+P,1,low,3/23/16,3/25/16,3/25/16,3/26/16,0,0,NA,NA,NA,shoot
1,6,RPV,N+P,1,N,3/23/16,3/25/16,3/25/16,3/26/16,0,1,NA,NA,NA,shoot
1,6,RPV,N+P,1,N+P,3/23/16,3/25/16,3/25/16,3/26/16,0,1,NA,NA,NA,shoot
1,6,RPV,N+P,1,P,3/23/16,3/25/16,3/25/16,3/26/16,0,1,NA,NA,NA,shoot
1,6,RPV,P,1,low,3/23/16,3/25/16,3/25/16,3/26/16,0,1,NA,NA,NA,shoot
1,6,RPV,P,1,N,3/23/16,3/25/16,3/25/16,3/26/16,0,1,NA,NA,NA,shoot
1,6,RPV,P,1,N+P,3/23/16,3/25/16,3/25/16,3/26/16,0,1,NA,NA,NA,shoot
1,6,RPV,P,1,P,3/23/16,3/25/16,3/25/16,3/26/16,0,1,NA,NA,NA,shoot
1,6,coinfection,low,1,low,2/4/16,2/10/16,2/10/16,2/10/16,1,1,NA,NA,NA,shoot
1,6,coinfection,low,1,N,2/4/16,2/10/16,2/10/16,2/10/16,1,0,NA,NA,NA,shoot
1,6,coinfection,low,1,N+P,2/4/16,2/10/16,2/10/16,2/10/16,1,1,NA,NA,NA,shoot
1,6,coinfection,low,1,P,2/4/16,2/10/16,2/10/16,2/10/16,0,0,NA,NA,NA,shoot
1,6,coinfection,N,1,low,2/18/16,2/19/16,2/19/16,2/19/16,1,1,NA,NA,NA,shoot
1,6,coinfection,N,1,N,2/18/16,2/19/16,2/19/16,2/19/16,0,0,NA,NA,NA,shoot
1,6,coinfection,N,1,N+P,2/18/16,2/19/16,2/19/16,2/19/16,1,1,NA,NA,NA,shoot
1,6,coinfection,N,1,P,2/18/16,2/19/16,2/19/16,2/19/16,1,1,NA,NA,NA,shoot
1,6,coinfection,N+P,1,low,2/4/16,2/10/16,2/10/16,2/10/16,1,1,NA,NA,NA,shoot
1,6,coinfection,N+P,1,N,2/18/16,2/19/16,2/19/16,2/19/16,1,1,NA,NA,NA,shoot
1,6,coinfection,N+P,1,N+P,2/4/16,2/10/16,2/10/16,2/10/16,1,1,NA,NA,NA,shoot
1,6,coinfection,N+P,1,P,2/4/16,2/10/16,2/10/16,2/10/16,1,1,NA,NA,NA,shoot
1,6,coinfection,P,1,low,2/4/16,2/10/16,2/10/16,2/10/16,1,0,NA,NA,NA,shoot
1,6,coinfection,P,1,N,2/4/16,2/10/16,2/10/16,2/10/16,0.5,0,NA,NA,NA,shoot
1,6,coinfection,P,1,N+P,2/4/16,2/10/16,2/10/16,2/10/16,1,1,NA,NA,NA,shoot
1,6,coinfection,P,1,P,2/4/16,2/10/16,2/10/16,2/10/16,0.5,0,NA,NA,NA,shoot
1,6,PAV,N+P,1,low,2/5/16,2/10/16,2/10/16,2/10/16,1,0,NA,NA,NA,shoot
1,6,PAV,N+P,1,N,2/5/16,2/10/16,2/10/16,2/10/16,1,0,NA,NA,NA,shoot
1,6,PAV,N+P,1,N+P,2/5/16,2/10/16,2/10/16,2/10/16,1,0,NA,NA,NA,shoot
1,6,PAV,N+P,1,P,2/5/16,2/10/16,2/10/16,2/10/16,1,0,NA,NA,NA,shoot
1,7,RPV,low,1,low,6,4/8/15,4/20/15,4/21/15,0,0.5,NA,NA,NA,shoot
1,7,RPV,low,1,N,6,4/8/15,4/20/15,4/21/15,0,1,NA,NA,NA,shoot
1,7,RPV,low,1,N+P,6,4/8/15,4/20/15,4/21/15,0,1,NA,NA,NA,shoot
1,7,RPV,low,1,P,6,4/8/15,4/20/15,4/21/15,0,1,NA,NA,NA,shoot
1,7,RPV,low,2,N,6,4/8/15,4/20/15,4/21/15,0,1,NA,NA,NA,shoot
1,7,RPV,low,2,low,7,3/3/15,3/5/15,3/10/15,0,1,NA,NA,NA,shoot
1,7,RPV,low,2,N+P,7,3/3/15,3/5/15,3/10/15,0,1,NA,NA,NA,shoot
1,7,RPV,low,2,P,6,4/8/15,4/20/15,4/21/15,0,1,NA,NA,NA,shoot
1,7,RPV,N,1,N,3/23/16,3/25/16,3/25/16,3/26/16,0,1,NA,NA,NA,shoot
1,7,RPV,N,1,N+P,3/23/16,3/25/16,3/25/16,3/26/16,0,0,NA,NA,NA,shoot
1,7,RPV,N,1,P,3/23/16,3/25/16,3/25/16,3/26/16,0,0.5,NA,NA,NA,shoot
1,7,RPV,N+P,1,low,3/23/16,3/25/16,3/25/16,3/26/16,0,0.5,NA,NA,NA,shoot
1,7,RPV,N+P,1,N,3/23/16,3/25/16,3/25/16,3/26/16,0,1,NA,NA,NA,shoot
1,7,RPV,N+P,1,N+P,3/23/16,3/25/16,3/25/16,3/26/16,0,0,NA,NA,NA,shoot
1,7,RPV,N+P,1,P,3/23/16,3/25/16,3/25/16,3/26/16,0,1,NA,NA,NA,shoot
1,7,RPV,N+P,2,N,3/23/16,3/25/16,3/25/16,3/26/16,0,1,NA,NA,NA,shoot
1,7,RPV,N+P,2,N+P,3/23/16,3/25/16,3/25/16,3/26/16,0,1,NA,NA,NA,shoot
1,7,RPV,N+P,2,P,3/23/16,3/25/16,3/25/16,3/26/16,0,1,NA,NA,NA,shoot
1,7,RPV,P,1,low,8,4/8/15,4/20/15,4/21/15,0,0.5,NA,NA,NA,shoot
1,7,RPV,P,1,N,8,4/8/15,4/20/15,4/21/15,0,0.5,NA,NA,NA,shoot
1,7,RPV,P,1,N+P,8,4/8/15,4/20/15,4/21/15,0,0,NA,NA,NA,shoot
1,7,RPV,P,1,P,8,4/8/15,4/20/15,4/21/15,0,0.5,NA,NA,NA,shoot
1,7,coinfection,N,1,low,2/4/16,2/10/16,2/10/16,2/10/16,1,0,NA,NA,NA,shoot
1,7,coinfection,N,1,N,2/4/16,2/10/16,2/10/16,2/10/16,0,0,NA,NA,NA,shoot
1,7,coinfection,N,1,N+P,2/4/16,2/10/16,2/10/16,2/10/16,0,0,NA,NA,NA,shoot
1,7,coinfection,N,1,P,2/4/16,2/10/16,2/10/16,2/10/16,1,0.5,NA,NA,NA,shoot
1,7,coinfection,N,2,low,2/3/16,2/10/16,2/10/16,2/10/16,1,1,NA,NA,NA,shoot
1,7,coinfection,N,2,N+P,2/3/16,2/10/16,2/10/16,2/10/16,1,1,NA,NA,NA,shoot
1,7,coinfection,N,2,P,2/3/16,2/10/16,2/10/16,2/10/16,1,1,NA,NA,NA,shoot
1,7,coinfection,N,3,P,2/8/16,2/12/16,2/12/16,2/12/16,1,1,NA,NA,NA,shoot
1,7,coinfection,N,3,N,4/5/16,4/8/16,4/9/16,4/9/16,1,1,NA,NA,NA,shoot
1,7,coinfection,N+P,1,low,2/4/16,2/10/16,2/10/16,2/10/16,1,1,NA,NA,NA,shoot
1,7,coinfection,N+P,1,N,2/4/16,2/10/16,2/10/16,2/10/16,1,1,NA,NA,NA,shoot
1,7,coinfection,N+P,1,N+P,2/4/16,2/10/16,2/10/16,2/10/16,1,1,NA,NA,NA,shoot
1,7,coinfection,N+P,1,P,2/4/16,2/10/16,2/10/16,2/10/16,0,0,NA,NA,NA,shoot
1,7,coinfection,N+P,2,low,2/4/16,2/10/16,2/10/16,2/10/16,1,1,NA,NA,NA,shoot
1,7,coinfection,N+P,2,N+P,2/4/16,2/10/16,2/10/16,2/10/16,0,0,NA,NA,NA,shoot
1,7,coinfection,P,1,low,4/5/16,4/8/16,4/9/16,4/9/16,1,1,NA,NA,NA,shoot
1,7,coinfection,P,1,N,4/5/16,4/8/16,4/9/16,4/9/16,1,1,NA,NA,NA,shoot
1,7,coinfection,P,1,N+P,4/5/16,4/8/16,4/9/16,4/9/16,1,1,NA,NA,NA,shoot
1,7,coinfection,P,1,P,4/5/16,4/8/16,4/9/16,4/9/16,1,1,NA,NA,NA,shoot
1,7,coinfection,P,2,low,4/5/16,4/8/16,4/9/16,4/9/16,0.5,0.5,NA,NA,NA,shoot
1,7,coinfection,P,2,N,4/5/16,4/8/16,4/9/16,4/9/16,0,0,NA,NA,NA,shoot
1,7,coinfection,P,2,N+P,4/5/16,4/8/16,4/9/16,4/9/16,1,1,NA,NA,NA,shoot
1,7,coinfection,P,2,P,4/5/16,4/8/16,4/9/16,4/9/16,1,1,NA,NA,NA,shoot
1,7,PAV,N+P,1,low,2/5/16,2/10/16,2/10/16,2/10/16,1,0,NA,NA,NA,shoot
1,7,PAV,N+P,1,N,2/5/16,2/10/16,2/10/16,2/10/16,1,0,NA,NA,NA,shoot
1,7,PAV,N+P,1,N+P,2/5/16,2/10/16,2/10/16,2/10/16,1,0,NA,NA,NA,shoot
1,7,PAV,N+P,1,P,2/5/16,2/10/16,2/10/16,2/10/16,0.5,0,NA,NA,NA,shoot
1,7,PAV,N+P,2,low,2/5/16,2/10/16,2/10/16,2/10/16,1,0,NA,NA,NA,shoot
1,7,PAV,N+P,2,N,2/5/16,2/10/16,2/10/16,2/10/16,0.5,0,NA,NA,NA,shoot
1,7,PAV,N+P,2,N+P,2/5/16,2/10/16,2/10/16,2/10/16,0,0,NA,NA,NA,shoot
1,7,PAV,N+P,2,P,2/5/16,2/10/16,2/10/16,2/10/16,1,0,NA,NA,NA,shoot
1,7,PAV,P,1,low,2/5/16,2/10/16,2/10/16,2/10/16,0.5,0,NA,NA,NA,shoot
1,7,PAV,P,1,N,2/5/16,2/10/16,2/10/16,2/10/16,1,0,NA,NA,NA,shoot
1,7,PAV,P,1,N+P,2/5/16,2/10/16,2/10/16,2/10/16,1,0,NA,NA,NA,shoot
1,7,PAV,P,1,P,2/5/16,2/10/16,2/10/16,2/10/16,1,0,NA,NA,NA,shoot
1,7,PAV,P,2,low,2/5/16,2/10/16,2/10/16,2/10/16,1,0,NA,NA,NA,shoot
1,7,PAV,P,2,N,2/5/16,2/10/16,2/10/16,2/10/16,1,0,NA,NA,NA,shoot
1,7,PAV,P,2,P,2/5/16,2/10/16,2/10/16,2/10/16,1,0,NA,NA,NA,shoot
1,8,RPV,low,1,low,7,3/3/15,3/5/15,3/10/15,0,1,NA,NA,NA,shoot
1,8,RPV,low,1,N,7,3/3/15,3/5/15,3/10/15,0,0.5,NA,NA,NA,shoot
1,8,RPV,low,1,N+P,7,3/3/15,3/5/15,3/10/15,0,1,NA,NA,NA,shoot
1,8,RPV,low,1,P,7,3/3/15,3/5/15,3/10/15,0,0.5,NA,NA,NA,shoot
1,8,RPV,low,2,low,3/31/16,4/1/16,4/1/16,4/4/16,0,0,NA,NA,NA,shoot
1,8,RPV,low,2,N,3/31/16,4/1/16,4/1/16,4/4/16,0,1,NA,NA,NA,shoot
1,8,RPV,low,2,P,3/31/16,4/1/16,4/1/16,4/4/16,0,1,NA,NA,NA,shoot
1,8,RPV,N,1,P,7,3/3/15,3/5/15,3/10/15,0,0,NA,NA,NA,shoot
1,8,RPV,N,1,N+P,7,3/3/15,3/5/15,3/10/15,0,1,NA,NA,NA,shoot
1,8,RPV,N,1,N,7,3/3/15,3/5/15,3/10/15,0,0,NA,NA,NA,shoot
1,8,RPV,N,2,low,7,3/3/15,3/5/15,3/10/15,0,0,figure out duplication,NA,NA,shoot
1,8,RPV,N,2,low,7,3/3/15,3/5/15,3/10/15,0.5,0,figure out duplication,NA,NA,shoot
1,8,RPV,N,2,N,7,3/3/15,3/5/15,3/10/15,0.5,1,NA,NA,NA,shoot
1,8,RPV,N,2,N+P,7,3/3/15,3/5/15,3/10/15,0,1,NA,NA,NA,shoot
1,8,RPV,N,2,P,7,3/3/15,3/5/15,3/10/15,0,0.5,NA,NA,NA,shoot
1,8,RPV,N+P,1,low,3/31/16,4/1/16,4/1/16,4/4/16,0,0,NA,NA,NA,shoot
1,8,RPV,N+P,1,N,3/31/16,4/1/16,4/1/16,4/4/16,0,1,NA,NA,NA,shoot
1,8,RPV,N+P,1,N+P,3/31/16,4/1/16,4/1/16,4/4/16,0,1,NA,NA,NA,shoot
1,8,RPV,N+P,1,P,3/31/16,4/1/16,4/1/16,4/4/16,0,0,NA,NA,NA,shoot
1,8,RPV,N+P,2,low,7,3/3/15,3/5/15,3/10/15,0,1,NA,NA,NA,shoot
1,8,RPV,N+P,2,N,7,3/3/15,3/5/15,3/10/15,0,1,NA,NA,NA,shoot
1,8,RPV,N+P,2,N+P,7,3/3/15,3/5/15,3/10/15,0,1,NA,NA,NA,shoot
1,8,RPV,N+P,2,P,7,3/3/15,3/5/15,3/10/15,0,1,NA,NA,NA,shoot
1,8,RPV,P,2,P,9,4/14/15,4/17/15,4/17/15,0,0,NA,NA,NA,shoot
1,8,RPV,P,2,low,8,4/8/15,4/20/15,4/21/15,0,0.5,"used multiplex primer, which causes extra bands. Band at RPV is darker than other samples with these primers",NA,NA,shoot
1,8,RPV,P,2,N,7,3/3/15,3/5/15,3/10/15,0,1,NA,NA,NA,shoot
1,8,RPV,P,2,N+P,8,4/8/15,4/20/15,4/21/15,0,1,used multiplex primers - extra bands,NA,NA,shoot
1,8,coinfection,low,1,N,4/5/16,4/8/16,4/9/16,4/9/16,1,1,NA,NA,NA,shoot
1,8,coinfection,low,1,N+P,4/5/16,4/8/16,4/9/16,4/9/16,1,1,NA,NA,NA,shoot
1,8,coinfection,low,1,P,4/5/16,4/8/16,4/9/16,4/9/16,1,1,NA,NA,NA,shoot
1,8,coinfection,low,2,low,4/5/16,4/8/16,4/9/16,4/9/16,0,0,NA,NA,NA,shoot
1,8,coinfection,low,2,N,4/5/16,4/8/16,4/9/16,4/9/16,1,1,NA,NA,NA,shoot
1,8,coinfection,low,2,N+P,4/5/16,4/8/16,4/9/16,4/9/16,1,0.5,NA,NA,NA,shoot
1,8,coinfection,low,2,P,4/5/16,4/8/16,4/9/16,4/9/16,0,0,NA,NA,NA,shoot
1,8,coinfection,N,1,N,4/5/16,4/8/16,4/9/16,4/9/16,1,0.5,NA,NA,NA,shoot
1,8,coinfection,N,1,low,4/5/16,4/8/16,4/9/16,4/9/16,1,1,NA,NA,NA,shoot
1,8,coinfection,N,1,N+P,4/5/16,4/8/16,4/9/16,4/9/16,1,1,NA,NA,NA,shoot
1,8,coinfection,N,1,P,4/5/16,4/8/16,4/9/16,4/9/16,0,0,NA,NA,NA,shoot
1,8,coinfection,N,2,low,4/5/16,4/8/16,4/9/16,4/9/16,0,0,NA,NA,NA,shoot
1,8,coinfection,N,2,N,4/5/16,4/8/16,4/9/16,4/9/16,1,1,NA,NA,NA,shoot
1,8,coinfection,N,2,N+P,4/5/16,4/8/16,4/9/16,4/9/16,0,0,NA,NA,NA,shoot
1,8,coinfection,N,2,P,4/5/16,4/8/16,4/9/16,4/9/16,0,0,NA,NA,NA,shoot
1,8,coinfection,N+P,1,low,4/5/16,4/8/16,4/9/16,4/9/16,0,0,NA,NA,NA,shoot
1,8,coinfection,N+P,1,N,4/5/16,4/8/16,4/9/16,4/9/16,0,0,NA,NA,NA,shoot
1,8,coinfection,N+P,1,N+P,4/5/16,4/8/16,4/9/16,4/9/16,1,0,NA,NA,NA,shoot
1,8,coinfection,N+P,1,P,4/5/16,4/8/16,4/9/16,4/9/16,0,0,NA,NA,NA,shoot
1,8,coinfection,N+P,2,low,2/15/16,2/19/16,2/19/16,2/19/16,1,1,NA,NA,NA,shoot
1,8,coinfection,N+P,2,N,2/15/16,2/19/16,2/19/16,2/19/16,0,0,NA,NA,NA,shoot
1,8,coinfection,N+P,2,N+P,2/15/16,2/19/16,2/19/16,2/19/16,1,1,NA,NA,NA,shoot
1,8,coinfection,N+P,2,P,2/15/16,2/19/16,2/19/16,2/19/16,1,0,NA,NA,NA,shoot
1,8,coinfection,P,1,low,2/15/16,2/19/16,2/19/16,2/19/16,1,1,NA,NA,NA,shoot
1,8,coinfection,P,1,N,2/15/16,2/19/16,2/19/16,2/19/16,1,1,NA,NA,NA,shoot
1,8,coinfection,P,1,N+P,2/15/16,2/19/16,2/19/16,2/19/16,0.5,0,NA,NA,NA,shoot
1,8,coinfection,P,1,P,2/15/16,2/19/16,2/19/16,2/19/16,0.5,0,NA,NA,NA,shoot
1,8,coinfection,P,2,low,2/15/16,2/19/16,2/19/16,2/19/16,0,0,NA,NA,NA,shoot
1,8,coinfection,P,2,N+P,2/15/16,2/19/16,2/19/16,2/19/16,0,0,NA,NA,NA,shoot
1,8,coinfection,P,2,P,2/15/16,2/19/16,2/19/16,2/19/16,0,0,NA,NA,NA,shoot
1,8,PAV,low,1,low,2/29/16,3/4/16,3/5/16,3/5/16,0,0,NA,NA,NA,shoot
1,8,PAV,low,1,N,2/29/16,3/4/16,3/5/16,3/5/16,0.5,0,NA,NA,NA,shoot
1,8,PAV,low,1,N+P,3/21/16,3/25/16,3/25/16,3/26/16,1,0,NA,NA,NA,shoot
1,8,PAV,low,1,P,3/21/16,3/25/16,3/25/16,3/26/16,1,0,NA,NA,NA,shoot
1,8,PAV,low,2,low,3/29/16,4/1/16,4/1/16,4/4/16,1,0,NA,NA,NA,shoot
1,8,PAV,N,1,N,2/29/16,3/4/16,3/5/16,3/5/16,0.5,0,NA,NA,NA,shoot
1,8,PAV,N,1,low,3/21/16,3/25/16,3/25/16,3/26/16,1,0,NA,NA,NA,shoot
1,8,PAV,N,1,N+P,3/21/16,3/25/16,3/25/16,3/26/16,1,1,NA,NA,NA,shoot
1,8,PAV,N,1,P,3/21/16,3/25/16,3/25/16,3/26/16,1,0,NA,NA,NA,shoot
1,8,PAV,N,2,low,3/21/16,3/25/16,3/25/16,3/26/16,1,1,NA,NA,NA,shoot
1,8,PAV,N,2,N,3/21/16,3/25/16,3/25/16,3/26/16,1,1,NA,NA,NA,shoot
1,8,PAV,N,2,N+P,3/21/16,3/25/16,3/25/16,3/26/16,1,0.5,NA,NA,NA,shoot
1,8,PAV,N,2,P,3/21/16,3/25/16,3/25/16,3/26/16,1,0,NA,NA,NA,shoot
1,8,PAV,N+P,1,low,3/21/16,3/25/16,3/25/16,3/26/16,1,0,NA,NA,NA,shoot
1,8,PAV,N+P,1,N,3/21/16,3/25/16,3/25/16,3/26/16,1,0,NA,NA,NA,shoot
1,8,PAV,N+P,1,N+P,3/21/16,3/25/16,3/25/16,3/26/16,1,0,NA,NA,NA,shoot
1,8,PAV,N+P,1,P,3/21/16,3/25/16,3/25/16,3/26/16,1,0,NA,NA,NA,shoot
1,8,PAV,N+P,2,low,2/29/16,3/4/16,3/5/16,3/5/16,0,0,NA,NA,NA,shoot
1,8,PAV,N+P,2,N,2/29/16,3/4/16,3/5/16,3/5/16,1,0,NA,NA,NA,shoot
1,8,PAV,N+P,2,N+P,2/29/16,3/4/16,3/5/16,3/5/16,1,0,NA,NA,NA,shoot
1,8,PAV,N+P,2,P,2/29/16,3/4/16,3/5/16,3/5/16,0,0,NA,NA,NA,shoot
1,8,PAV,P,1,low,2/5/16,2/10/16,2/10/16,2/10/16,1,0,NA,NA,NA,shoot
1,8,PAV,P,1,N,2/5/16,2/10/16,2/10/16,2/10/16,0.5,0,NA,NA,NA,shoot
1,8,PAV,P,1,N+P,2/5/16,2/10/16,2/10/16,2/10/16,0,0,NA,NA,NA,shoot
1,8,PAV,P,1,P,2/5/16,2/10/16,2/10/16,2/10/16,0,0,NA,NA,NA,shoot
1,8,PAV,P,2,low,2/5/16,2/10/16,2/10/16,2/10/16,1,0,NA,NA,NA,shoot
1,8,PAV,P,2,N,2/5/16,2/10/16,2/10/16,2/10/16,1,1,NA,NA,NA,shoot
1,8,PAV,P,2,N+P,2/5/16,2/10/16,2/10/16,2/10/16,1,0,NA,NA,NA,shoot
2,1,RPV,low,3,low,3/31/16,4/1/16,4/1/16,4/4/16,0,1,NA,NA,NA,shoot
2,1,RPV,low,3,N,3/31/16,4/1/16,4/1/16,4/4/16,0,1,NA,NA,NA,shoot
2,1,RPV,low,3,N+P,3/31/16,4/1/16,4/1/16,4/4/16,0,1,NA,NA,NA,shoot
2,1,RPV,low,3,P,3/31/16,4/1/16,4/1/16,4/4/16,0,1,NA,NA,NA,shoot
2,1,RPV,P,3,low,3/31/16,4/1/16,4/1/16,4/4/16,0,1,NA,NA,NA,shoot
2,1,RPV,P,3,N,3/31/16,4/1/16,4/1/16,4/4/16,0,1,NA,NA,NA,shoot
2,1,RPV,P,3,N+P,3/31/16,4/1/16,4/1/16,4/4/16,0,1,NA,NA,NA,shoot
2,1,RPV,P,3,P,3/31/16,4/1/16,4/1/16,4/4/16,0,1,NA,NA,NA,shoot
2,1,coinfection,low,3,low,2/15/16,2/19/16,2/19/16,2/19/16,0,0,NA,NA,NA,shoot
2,1,coinfection,low,3,N,2/15/16,2/19/16,2/19/16,2/19/16,0,0,NA,NA,NA,shoot
2,1,coinfection,low,3,N+P,2/15/16,2/19/16,2/19/16,2/19/16,0,0,NA,NA,NA,shoot
2,1,coinfection,low,3,P,2/15/16,2/19/16,2/19/16,2/19/16,0,1,NA,NA,NA,shoot
2,1,coinfection,N,3,low,2/15/16,2/19/16,2/19/16,2/19/16,0,1,NA,NA,NA,shoot
2,1,coinfection,N,3,N,2/15/16,2/19/16,2/19/16,2/19/16,0,1,NA,NA,NA,shoot
2,1,coinfection,N,3,N+P,2/15/16,2/19/16,2/19/16,2/19/16,0,1,NA,NA,NA,shoot
2,1,coinfection,N,3,P,2/15/16,2/19/16,2/19/16,2/19/16,0,0.5,NA,NA,NA,shoot
2,1,coinfection,N+P,3,low,2/15/16,2/19/16,2/19/16,2/19/16,0,0,NA,NA,NA,shoot
2,1,coinfection,N+P,3,N,2/15/16,2/19/16,2/19/16,2/19/16,0,1,NA,NA,NA,shoot
2,1,coinfection,N+P,3,N+P,2/15/16,2/19/16,2/19/16,2/19/16,0.5,0,NA,NA,NA,shoot
2,1,coinfection,N+P,3,P,2/15/16,2/19/16,2/19/16,2/19/16,0,0,NA,NA,NA,shoot
2,1,coinfection,P,3,low,2/15/16,2/19/16,2/19/16,2/19/16,0,0,NA,NA,NA,shoot
2,1,coinfection,P,3,N,2/15/16,2/19/16,2/19/16,2/19/16,0,1,NA,NA,NA,shoot
2,1,coinfection,P,3,N+P,2/15/16,2/19/16,2/19/16,2/19/16,0,1,NA,NA,NA,shoot
2,1,coinfection,P,3,P,2/15/16,2/19/16,2/19/16,2/19/16,0,0,NA,NA,NA,shoot
2,1,PAV,low,3,low,3/31/16,4/1/16,4/1/16,4/4/16,0,1,NA,NA,NA,shoot
2,1,PAV,low,3,N,3/31/16,4/1/16,4/1/16,4/4/16,0,0,NA,NA,NA,shoot
2,1,PAV,low,3,N+P,3/31/16,4/1/16,4/1/16,4/4/16,0,0,NA,NA,NA,shoot
2,1,PAV,low,3,P,3/31/16,4/1/16,4/1/16,4/4/16,0,0,NA,NA,NA,shoot
2,1,PAV,N,3,low,2/29/16,3/4/16,3/5/16,3/5/16,0.5,0,NA,NA,NA,shoot
2,1,PAV,N,3,N,2/29/16,3/4/16,3/5/16,3/5/16,0,0,NA,NA,NA,shoot
2,1,PAV,N,3,N+P,2/29/16,3/4/16,3/5/16,3/5/16,1,0,NA,NA,NA,shoot
2,1,PAV,N,3,P,2/29/16,3/4/16,3/5/16,3/5/16,0,0,NA,NA,NA,shoot
2,2,RPV,low,3,N,1,2/4/15,3/4/15,3/4/15,0,1,NA,NA,NA,shoot
2,2,RPV,low,3,N+P,1,2/4/15,3/4/15,3/4/15,0,1,NA,NA,NA,shoot
2,2,RPV,low,3,P,1,2/4/15,3/4/15,3/4/15,0,1,NA,NA,NA,shoot
2,2,RPV,N,3,low,3/31/16,4/1/16,4/1/16,4/4/16,0,0,NA,NA,NA,shoot
2,2,RPV,N,3,N,3/31/16,4/1/16,4/1/16,4/4/16,0,1,NA,NA,NA,shoot
2,2,RPV,N,3,N+P,3/31/16,4/1/16,4/1/16,4/4/16,0,0,NA,NA,NA,shoot
2,2,RPV,N,3,P,3/31/16,4/1/16,4/1/16,4/4/16,0,0,NA,NA,NA,shoot
2,2,RPV,P,3,low,3/31/16,4/1/16,4/1/16,4/4/16,0,0.5,NA,NA,NA,shoot
2,2,RPV,P,3,N,3/31/16,4/1/16,4/1/16,4/4/16,0,1,NA,NA,NA,shoot
2,2,RPV,P,3,N+P,3/31/16,4/1/16,4/1/16,4/4/16,0,1,NA,NA,NA,shoot
2,2,RPV,P,3,P,3/31/16,4/1/16,4/1/16,4/4/16,0,1,NA,NA,NA,shoot
2,2,coinfection,low,3,low,2/24/16,2/26/16,2/26/16,2/26/16,0,1,NA,NA,RT ctrl positive for RPV,shoot
2,2,coinfection,low,3,N,2/24/16,2/26/16,2/26/16,2/26/16,0.5,0.5,NA,NA,RT ctrl positive for RPV,shoot
2,2,coinfection,low,3,N+P,2/24/16,2/26/16,2/26/16,2/26/16,1,0.5,NA,NA,RT ctrl positive for RPV,shoot
2,2,coinfection,low,3,P,2/24/16,2/26/16,2/26/16,2/26/16,0,0.5,NA,NA,RT ctrl positive for RPV,shoot
2,2,coinfection,N,3,low,2/15/16,2/19/16,2/19/16,2/19/16,0,0,NA,NA,NA,shoot
2,2,coinfection,N,3,N+P,2/15/16,2/19/16,2/19/16,2/19/16,0,1,NA,NA,NA,shoot
2,2,coinfection,N,3,P,2/15/16,2/19/16,2/19/16,2/19/16,0.5,1,NA,NA,NA,shoot
2,2,coinfection,N+P,3,low,4/12/16,4/22/16,4/30/16,4/30/16,1,1,NA,NA,NA,shoot
2,2,coinfection,N+P,3,N,4/12/16,4/22/16,4/30/16,4/30/16,1,1,NA,NA,NA,shoot
2,2,coinfection,N+P,3,N+P,4/12/16,4/22/16,4/30/16,4/30/16,0.5,1,NA,NA,NA,shoot
2,2,coinfection,N+P,3,P,4/12/16,4/22/16,4/30/16,4/30/16,0,1,NA,NA,NA,shoot
2,2,coinfection,P,3,low,8/18/15,8/19/15,8/21/15,8/21/15,0,0,NA,NA,NA,shoot
2,2,coinfection,P,3,N,8/18/15,8/19/15,8/21/15,8/21/15,1,1,NA,NA,NA,shoot
2,2,coinfection,P,3,N+P,8/18/15,8/19/15,8/21/15,8/21/15,1,1,NA,NA,NA,shoot
2,2,coinfection,P,3,P,8/18/15,8/19/15,8/21/15,8/21/15,1,1,NA,NA,NA,shoot
2,3,RPV,low,3,low,4/6/16,4/8/16,4/9/16,4/9/16,0,0,NA,NA,NA,shoot
2,3,RPV,low,3,N,4/6/16,4/8/16,4/9/16,4/9/16,0,1,NA,NA,NA,shoot
2,3,RPV,low,3,N+P,4/6/16,4/8/16,4/9/16,4/9/16,0,1,NA,NA,NA,shoot
2,3,RPV,low,3,P,4/6/16,4/8/16,4/9/16,4/9/16,0,0.5,NA,NA,NA,shoot
2,3,RPV,N,3,low,3/31/16,4/1/16,4/1/16,4/4/16,0,1,NA,NA,NA,shoot
2,3,RPV,N,3,N+P,3/31/16,4/1/16,4/1/16,4/4/16,0,1,NA,NA,NA,shoot
2,3,RPV,N,3,P,3/31/16,4/1/16,4/1/16,4/4/16,0,1,NA,NA,NA,shoot
2,3,RPV,N+P,3,low,4/6/16,4/8/16,4/9/16,4/9/16,0,1,NA,NA,NA,shoot
2,3,RPV,N+P,3,N,4/6/16,4/8/16,4/9/16,4/9/16,1,1,NA,NA,NA,shoot
2,3,RPV,N+P,3,N+P,4/6/16,4/8/16,4/9/16,4/9/16,0,1,NA,NA,NA,shoot
2,3,RPV,N+P,3,P,4/6/16,4/8/16,4/9/16,4/9/16,0,1,NA,NA,NA,shoot
2,3,RPV,P,3,low,4/6/16,4/8/16,4/9/16,4/9/16,0,1,NA,NA,NA,shoot
2,3,RPV,P,3,N+P,4/6/16,4/8/16,4/9/16,4/9/16,0,1,NA,NA,NA,shoot
2,3,RPV,P,3,P,4/6/16,4/8/16,4/9/16,4/9/16,0,1,NA,NA,NA,shoot
2,3,coinfection,low,3,low,2/24/16,2/26/16,2/26/16,2/26/16,0.5,1,NA,NA,RT ctrl positive for RPV,shoot
2,3,coinfection,low,3,N+P,2/24/16,2/26/16,2/26/16,2/26/16,0,0,NA,NA,RT ctrl positive for RPV,shoot
2,3,coinfection,low,3,P,2/24/16,2/26/16,2/26/16,2/26/16,1,1,NA,NA,RT ctrl positive for RPV,shoot
2,3,coinfection,N,3,N,4/5/16,4/8/16,4/9/16,4/9/16,0,1,NA,NA,NA,shoot
2,3,coinfection,N+P,3,low,2/24/16,2/26/16,2/26/16,2/26/16,1,1,NA,NA,RT ctrl positive for RPV,shoot
2,3,coinfection,N+P,3,N,2/24/16,2/26/16,2/26/16,2/26/16,1,1,NA,NA,RT ctrl positive for RPV,shoot
2,3,coinfection,N+P,3,N+P,2/24/16,2/26/16,2/26/16,2/26/16,1,1,NA,NA,RT ctrl positive for RPV,shoot
2,3,coinfection,N+P,3,P,2/24/16,2/26/16,2/26/16,2/26/16,1,1,NA,NA,RT ctrl positive for RPV,shoot
2,3,coinfection,P,3,low,2/24/16,2/26/16,2/26/16,2/26/16,1,0.5,NA,NA,RT ctrl positive for RPV,shoot
2,3,coinfection,P,3,N,2/24/16,2/26/16,2/26/16,2/26/16,1,1,NA,NA,RT ctrl positive for RPV,shoot
2,3,coinfection,P,3,N+P,2/24/16,2/26/16,2/26/16,2/26/16,1,1,NA,NA,RT ctrl positive for RPV,shoot
2,3,coinfection,P,3,P,2/24/16,2/26/16,2/26/16,2/26/16,1,1,NA,NA,RT ctrl positive for RPV,shoot
2,3,PAV,N,3,low,2/29/16,3/4/16,3/5/16,3/5/16,1,0,NA,NA,NA,shoot
2,3,PAV,N,3,N,2/29/16,3/4/16,3/5/16,3/5/16,1,0,NA,NA,NA,shoot
2,3,PAV,N,3,N+P,2/29/16,3/4/16,3/5/16,3/5/16,1,1,NA,NA,NA,shoot
2,3,PAV,N,3,P,2/29/16,3/4/16,3/5/16,3/5/16,1,0,NA,NA,NA,shoot
2,3,PAV,P,3,low,2/23/16,2/26/16,2/26/16,2/26/16,1,0.5,NA,NA,RT ctrl positive for RPV,shoot
2,3,PAV,P,3,N,2/23/16,2/26/16,2/26/16,2/26/16,1,0.5,NA,NA,RT ctrl positive for RPV,shoot
2,3,PAV,P,3,N+P,2/23/16,2/26/16,2/26/16,2/26/16,1,1,NA,NA,RT ctrl positive for RPV,shoot
2,3,PAV,P,3,P,2/23/16,2/26/16,2/26/16,2/26/16,1,1,NA,NA,RT ctrl positive for RPV,shoot
2,4,RPV,low,3,low,1,2/4/15,3/4/15,3/4/15,0,1,NA,NA,NA,shoot
2,4,RPV,low,3,N,1,2/4/15,3/4/15,3/4/15,0,1,NA,NA,NA,shoot
2,4,RPV,low,3,N+P,1,2/4/15,3/4/15,3/4/15,0,1,NA,NA,NA,shoot
2,4,RPV,low,3,P,1,2/4/15,3/4/15,3/4/15,0,1,NA,NA,NA,shoot
2,4,RPV,N+P,3,N+P,12/15/15,1/6/16,1/7/16,1/7/16,0,0.5,NA,NA,PAV ctrl didn't show up,shoot
2,4,RPV,N+P,3,low,12/15/15,1/6/16,1/7/16,1/7/16,0,0,NA,NA,PAV ctrl didn't show up,shoot
2,4,RPV,N+P,3,N,12/15/15,1/6/16,1/7/16,1/7/16,0,0,NA,NA,PAV ctrl didn't show up,shoot
2,4,RPV,N+P,3,P,12/15/15,1/6/16,1/7/16,1/7/16,0,0,NA,NA,PAV ctrl didn't show up,shoot
2,4,RPV,P,3,low,4/6/16,4/8/16,4/9/16,4/9/16,0,0,NA,NA,NA,shoot
2,4,RPV,P,3,N,4/6/16,4/8/16,4/9/16,4/9/16,0,1,NA,NA,NA,shoot
2,4,RPV,P,3,N+P,4/6/16,4/8/16,4/9/16,4/9/16,0,1,NA,NA,NA,shoot
2,4,RPV,P,3,P,4/6/16,4/8/16,4/9/16,4/9/16,0,1,NA,NA,NA,shoot
2,4,coinfection,low,3,low,2/24/16,2/26/16,2/26/16,2/26/16,1,1,NA,NA,RT ctrl positive for RPV,shoot
2,4,coinfection,low,3,N,2/24/16,2/26/16,2/26/16,2/26/16,1,1,NA,NA,RT ctrl positive for RPV,shoot
2,4,coinfection,low,3,N+P,2/24/16,2/26/16,2/26/16,2/26/16,1,1,NA,NA,RT ctrl positive for RPV,shoot
2,4,coinfection,low,3,P,2/24/16,2/26/16,2/26/16,2/26/16,1,0.5,NA,NA,RT ctrl positive for RPV,shoot
2,4,coinfection,N,3,N,2/24/16,2/26/16,2/26/16,2/26/16,0,1,NA,NA,RT ctrl positive for RPV,shoot
2,4,coinfection,N,3,N+P,2/24/16,2/26/16,2/26/16,2/26/16,0,0.5,NA,NA,RT ctrl positive for RPV,shoot
2,4,coinfection,N+P,3,N,12/15/15,1/6/16,1/7/16,1/7/16,1,1,NA,NA,PAV ctrl didn't show up,shoot
2,4,coinfection,N+P,3,N+P,12/15/15,1/6/16,1/7/16,1/7/16,0,1,NA,NA,PAV ctrl didn't show up,shoot
2,4,coinfection,N+P,3,P,12/15/15,1/6/16,1/7/16,1/7/16,0,0,NA,NA,PAV ctrl didn't show up,shoot
2,4,coinfection,P,3,low,2/24/16,2/26/16,2/26/16,2/26/16,1,0.5,NA,NA,RT ctrl positive for RPV,shoot
2,4,coinfection,P,3,N,2/24/16,2/26/16,2/26/16,2/26/16,1,1,NA,NA,RT ctrl positive for RPV,shoot
2,4,coinfection,P,3,N+P,2/24/16,2/26/16,2/26/16,2/26/16,1,1,NA,NA,RT ctrl positive for RPV,shoot
2,4,coinfection,P,3,P,2/24/16,2/26/16,2/26/16,2/26/16,0,0.5,NA,NA,RT ctrl positive for RPV,shoot
2,4,PAV,low,3,low,2/23/16,2/26/16,2/26/16,2/26/16,1,0,NA,NA,RT ctrl positive for RPV,shoot
2,4,PAV,low,3,N,2/23/16,2/26/16,2/26/16,2/26/16,1,1,NA,NA,RT ctrl positive for RPV,shoot
2,4,PAV,low,3,N+P,2/23/16,2/26/16,2/26/16,2/26/16,0.5,0.5,NA,NA,RT ctrl positive for RPV,shoot
2,4,PAV,low,3,P,2/23/16,2/26/16,2/26/16,2/26/16,0,0,NA,NA,RT ctrl positive for RPV,shoot
2,4,PAV,N+P,3,low,8/18/15,8/19/15,8/21/15,8/21/15,1,0,NA,NA,NA,shoot
2,4,PAV,N+P,3,N,8/18/15,8/19/15,8/21/15,8/21/15,0.5,1,NA,NA,NA,shoot
2,4,PAV,N+P,3,N+P,8/18/15,8/19/15,8/21/15,8/21/15,1,0,NA,NA,NA,shoot
2,4,PAV,N+P,3,P,8/18/15,8/19/15,8/21/15,8/21/15,1,0,NA,NA,NA,shoot
2,4,PAV,P,3,low,2/23/16,2/26/16,2/26/16,2/26/16,0.5,0.5,NA,NA,RT ctrl positive for RPV,shoot
2,4,PAV,P,3,N,2/23/16,2/26/16,2/26/16,2/26/16,1,1,NA,NA,RT ctrl positive for RPV,shoot
2,4,PAV,P,3,N,2/23/16,2/26/16,2/26/16,2/26/16,1,0,NA,NA,RT ctrl positive for RPV,shoot
2,4,PAV,P,3,N+P,2/23/16,2/26/16,2/26/16,2/26/16,1,0,NA,NA,RT ctrl positive for RPV,shoot
2,5,RPV,low,3,low,4/6/16,4/8/16,4/9/16,4/9/16,0,1,NA,NA,NA,shoot
2,5,RPV,low,3,N+P,4/6/16,4/8/16,4/9/16,4/9/16,0,1,NA,NA,NA,shoot
2,5,RPV,low,3,P,4/6/16,4/8/16,4/9/16,4/9/16,0,1,NA,NA,NA,shoot
2,5,RPV,N,3,low,1,2/4/15,3/4/15,3/4/15,0,0,NA,NA,NA,shoot
2,5,RPV,N,3,N,1,2/4/15,3/4/15,3/4/15,0,0,NA,NA,NA,shoot
2,5,RPV,N+P,3,N+P,1,2/4/15,3/4/15,3/4/15,0,0,NA,NA,NA,shoot
2,5,RPV,P,3,N+P,1,2/4/15,3/4/15,3/4/15,0,1,NA,NA,NA,shoot
2,5,RPV,P,3,N,1,2/4/15,3/4/15,3/4/15,0,1,NA,NA,NA,shoot
2,5,RPV,P,3,low,1,2/4/15,3/4/15,3/4/15,0,1,NA,NA,NA,shoot
2,5,RPV,P,3,P,1,2/4/15,3/4/15,3/4/15,0,1,NA,NA,NA,shoot
2,5,coinfection,low,3,low,2/24/16,2/26/16,2/26/16,2/26/16,1,1,NA,NA,RT ctrl positive for RPV,shoot
2,5,coinfection,low,3,N,2/24/16,2/26/16,2/26/16,2/26/16,0,0,NA,NA,RT ctrl positive for RPV,shoot
2,5,coinfection,low,3,N+P,2/24/16,2/26/16,2/26/16,2/26/16,0,1,NA,NA,RT ctrl positive for RPV,shoot
2,5,coinfection,N,3,N,4/5/16,4/8/16,4/9/16,4/9/16,0,1,NA,NA,NA,shoot
2,5,coinfection,N+P,3,N,3/8/16,3/11/16,3/13/16,3/13/16,0,1,NA,NA,NA,shoot
2,5,coinfection,N+P,3,N+P,3/8/16,3/11/16,3/13/16,3/13/16,1,1,NA,NA,NA,shoot
2,5,coinfection,N+P,3,P,3/8/16,3/11/16,3/13/16,3/13/16,1,1,NA,NA,NA,shoot
2,5,coinfection,P,3,low,4/12/16,4/22/16,4/30/16,4/30/16,0.5,1,NA,NA,NA,shoot
2,5,coinfection,P,3,N,4/12/16,4/22/16,4/30/16,4/30/16,1,1,NA,NA,NA,shoot
2,5,coinfection,P,3,N+P,4/12/16,4/22/16,4/30/16,4/30/16,0,1,NA,NA,NA,shoot
2,5,PAV,low,3,low,2/23/16,2/26/16,2/26/16,2/26/16,1,1,NA,NA,RT ctrl positive for RPV,shoot
2,5,PAV,low,3,N+P,2/23/16,2/26/16,2/26/16,2/26/16,0.5,1,NA,NA,RT ctrl positive for RPV,shoot
2,5,PAV,low,3,P,2/23/16,2/26/16,2/26/16,2/26/16,1,1,NA,NA,RT ctrl positive for RPV,shoot
2,5,PAV,N,3,N+P,3/29/16,4/1/16,4/1/16,4/4/16,1,1,NA,NA,NA,shoot
2,5,PAV,N+P,3,low,2/23/16,2/26/16,2/26/16,2/26/16,1,0,NA,NA,RT ctrl positive for RPV,shoot
2,5,PAV,N+P,3,N,2/23/16,2/26/16,2/26/16,2/26/16,1,0,NA,NA,RT ctrl positive for RPV,shoot
2,5,PAV,N+P,3,N+P,2/23/16,2/26/16,2/26/16,2/26/16,1,0.5,NA,NA,RT ctrl positive for RPV,shoot
2,5,PAV,N+P,3,P,2/23/16,2/26/16,2/26/16,2/26/16,0.5,0.5,NA,NA,RT ctrl positive for RPV,shoot
2,5,PAV,P,3,low,2/23/16,2/26/16,2/26/16,2/26/16,0,0.5,NA,NA,RT ctrl positive for RPV,shoot
2,5,PAV,P,3,N,2/23/16,2/26/16,2/26/16,2/26/16,1,1,NA,NA,RT ctrl positive for RPV,shoot
2,5,PAV,P,3,P,2/23/16,2/26/16,2/26/16,2/26/16,0,1,NA,NA,RT ctrl positive for RPV,shoot
2,6,RPV,N,3,low,1,2/4/15,3/4/15,3/4/15,1,1,NA,NA,NA,shoot
2,6,RPV,N,3,N,1,2/4/15,3/4/15,3/4/15,0,1,NA,NA,NA,shoot
2,6,RPV,N+P,3,N,4/6/16,4/8/16,4/9/16,4/9/16,0,0,NA,NA,NA,shoot
2,6,RPV,N+P,3,N+P,4/6/16,4/8/16,4/9/16,4/9/16,0,1,NA,NA,NA,shoot
2,6,RPV,N+P,3,P,4/6/16,4/8/16,4/9/16,4/9/16,0,0,NA,NA,NA,shoot
2,6,RPV,P,3,low,1,2/4/15,3/4/15,3/4/15,0,1,NA,NA,NA,shoot
2,6,RPV,P,3,N,1,2/4/15,3/4/15,3/4/15,0,0.5,NA,NA,NA,shoot
2,6,RPV,P,3,N+P,1,2/4/15,3/4/15,3/4/15,0,1,NA,NA,NA,shoot
2,6,coinfection,low,3,low,3/8/16,3/11/16,3/13/16,3/13/16,0,0,NA,NA,NA,shoot
2,6,coinfection,low,3,N+P,3/8/16,3/11/16,3/13/16,3/13/16,1,1,NA,NA,NA,shoot
2,6,coinfection,low,3,P,3/8/16,3/11/16,3/13/16,3/13/16,1,0,NA,NA,NA,shoot
2,6,coinfection,N,3,low,3/8/16,3/11/16,3/13/16,3/13/16,0,1,NA,NA,NA,shoot
2,6,coinfection,N,3,N,3/8/16,3/11/16,3/13/16,3/13/16,1,1,NA,NA,NA,shoot
2,6,coinfection,N,3,N+P,3/8/16,3/11/16,3/13/16,3/13/16,1,1,NA,NA,NA,shoot
2,6,coinfection,N,3,P,3/8/16,3/11/16,3/13/16,3/13/16,1,0.5,NA,NA,NA,shoot
2,6,coinfection,N+P,3,low,3/8/16,3/11/16,3/13/16,3/13/16,0,0.5,NA,NA,NA,shoot
2,6,coinfection,N+P,3,N,3/8/16,3/11/16,3/13/16,3/13/16,1,1,NA,NA,NA,shoot
2,6,coinfection,N+P,3,N+P,3/8/16,3/11/16,3/13/16,3/13/16,1,1,NA,NA,NA,shoot
2,6,coinfection,P,3,low,2/24/16,2/26/16,2/26/16,2/26/16,0,0.5,NA,NA,RT ctrl positive for RPV,shoot
2,6,coinfection,P,3,N,2/24/16,2/26/16,2/26/16,2/26/16,0,1,NA,NA,RT ctrl positive for RPV,shoot
2,6,PAV,low,3,low,2/23/16,2/26/16,2/26/16,2/26/16,0.5,0.5,NA,NA,RT ctrl positive for RPV,shoot
2,6,PAV,low,3,N,2/23/16,2/26/16,2/26/16,2/26/16,0,0.5,NA,NA,RT ctrl positive for RPV,shoot
2,6,PAV,low,3,N+P,2/23/16,2/26/16,2/26/16,2/26/16,1,0,NA,NA,RT ctrl positive for RPV,shoot
2,6,PAV,P,3,low,2/23/16,2/26/16,2/26/16,2/26/16,1,0,NA,NA,RT ctrl positive for RPV,shoot
2,6,PAV,P,3,N,2/23/16,2/26/16,2/26/16,2/26/16,1,0.5,NA,NA,RT ctrl positive for RPV,shoot
2,6,PAV,P,3,N+P,2/23/16,2/26/16,2/26/16,2/26/16,1,0,NA,NA,RT ctrl positive for RPV,shoot
2,6,PAV,P,3,P,2/23/16,2/26/16,2/26/16,2/26/16,1,0,NA,NA,RT ctrl positive for RPV,shoot
2,7,RPV,low,3,low,2,2/4/15,3/4/15,3/4/15,0,1,NA,NA,NA,shoot
2,7,RPV,low,3,N,1,2/4/15,3/4/15,3/4/15,0,1,NA,NA,NA,shoot
2,7,RPV,low,3,N+P,1,2/4/15,3/4/15,3/4/15,0,1,NA,NA,NA,shoot
2,7,RPV,low,3,P,1,2/4/15,3/4/15,3/4/15,0,1,NA,NA,NA,shoot
2,7,RPV,N,3,N,1,2/4/15,3/4/15,3/4/15,0,1,NA,NA,NA,shoot
2,7,RPV,N,3,low,1,2/4/15,3/4/15,3/4/15,0,1,NA,NA,NA,shoot
2,7,RPV,N,3,N,1,2/4/15,3/4/15,3/4/15,1,1,NA,NA,NA,shoot
2,7,RPV,N,3,N+P,1,2/4/15,3/4/15,3/4/15,0,1,NA,NA,NA,shoot
2,7,RPV,N,3,P,1,2/4/15,3/4/15,3/4/15,0,1,NA,NA,NA,shoot
2,7,RPV,N+P,3,N,1,2/4/15,3/4/15,3/4/15,0,1,NA,NA,NA,shoot
2,7,RPV,N+P,3,N+P,1,2/4/15,3/4/15,3/4/15,0,1,NA,NA,NA,shoot
2,7,RPV,N+P,3,P,1,2/4/15,3/4/15,3/4/15,0,1,NA,NA,NA,shoot
2,7,RPV,P,3,low,2,2/4/15,3/4/15,3/4/15,0,0,NA,NA,NA,shoot
2,7,RPV,P,3,N,2,2/4/15,3/4/15,3/4/15,0,1,NA,NA,NA,shoot
2,7,RPV,P,3,N+P,2,2/4/15,3/4/15,3/4/15,0,0,NA,NA,NA,shoot
2,7,RPV,P,3,P,2,2/4/15,3/4/15,3/4/15,0.5,1,NA,NA,NA,shoot
2,7,coinfection,low,3,low,3/8/16,3/11/16,3/13/16,3/13/16,1,1,NA,NA,NA,shoot
2,7,coinfection,low,3,N+P,3/8/16,3/11/16,3/13/16,3/13/16,1,1,NA,NA,NA,shoot
2,7,coinfection,low,3,P,3/8/16,3/11/16,3/13/16,3/13/16,1,1,NA,NA,NA,shoot
2,7,coinfection,N,3,low,3/8/16,3/11/16,3/13/16,3/13/16,0.5,1,NA,NA,NA,shoot
2,7,coinfection,N,3,N,3/8/16,3/11/16,3/13/16,3/13/16,0,1,NA,NA,NA,shoot
2,7,coinfection,N,3,N+P,3/8/16,3/11/16,3/13/16,3/13/16,1,1,NA,NA,NA,shoot
2,7,coinfection,N,3,P,3/8/16,3/11/16,3/13/16,3/13/16,0,1,NA,NA,NA,shoot
2,7,coinfection,N+P,3,low,3/8/16,3/11/16,3/13/16,3/13/16,0,1,NA,NA,NA,shoot
2,7,coinfection,N+P,3,N,3/8/16,3/11/16,3/13/16,3/13/16,0,1,NA,NA,NA,shoot
2,7,coinfection,N+P,3,N+P,3/8/16,3/11/16,3/13/16,3/13/16,1,1,NA,NA,NA,shoot
2,7,coinfection,N+P,3,P,3/8/16,3/11/16,3/13/16,3/13/16,0.5,1,NA,NA,NA,shoot
2,7,coinfection,P,3,low,3/8/16,3/11/16,3/13/16,3/13/16,1,1,NA,NA,NA,shoot
2,7,coinfection,P,3,N,3/8/16,3/11/16,3/13/16,3/13/16,0,1,NA,NA,NA,shoot
2,7,coinfection,P,3,N+P,3/8/16,3/11/16,3/13/16,3/13/16,0,1,NA,NA,NA,shoot
2,7,coinfection,P,3,P,3/8/16,3/11/16,3/13/16,3/13/16,0,1,NA,NA,NA,shoot
2,8,RPV,low,3,P,2,2/4/15,3/4/15,3/4/15,0,1,NA,NA,NA,shoot
2,8,RPV,low,3,low,2,2/4/15,3/4/15,3/4/15,0,1,NA,NA,NA,shoot
2,8,RPV,low,3,N,2,2/4/15,3/4/15,3/4/15,0,1,NA,NA,NA,shoot
2,8,RPV,low,3,N+P,2,2/4/15,3/4/15,3/4/15,0,1,NA,NA,NA,shoot
2,8,RPV,N,3,low,2,2/4/15,3/4/15,3/4/15,1,1,NA,NA,NA,shoot
2,8,RPV,N,3,N,2,2/4/15,3/4/15,3/4/15,0.5,1,NA,NA,NA,shoot
2,8,RPV,N,3,N+P,2,2/4/15,3/4/15,3/4/15,1,1,NA,NA,NA,shoot
2,8,RPV,N,3,P,2,2/4/15,3/4/15,3/4/15,0,1,NA,NA,NA,shoot
2,8,RPV,N+P,3,low,4/6/16,4/8/16,4/9/16,4/9/16,0,1,NA,NA,NA,shoot
2,8,RPV,N+P,3,N,4/6/16,4/8/16,4/9/16,4/9/16,0,1,NA,NA,NA,shoot
2,8,RPV,N+P,3,N+P,4/6/16,4/8/16,4/9/16,4/9/16,0,1,NA,NA,NA,shoot
2,8,RPV,N+P,3,P,4/6/16,4/8/16,4/9/16,4/9/16,0,1,NA,NA,NA,shoot
2,8,RPV,P,3,low,12/9/16,12/16/16,12/30/16,12/30/16,0,1,NA,NA,PAV and RPV ctrls didn't show up,shoot
2,8,RPV,P,3,N,12/9/16,12/16/16,12/30/16,12/30/16,0,1,NA,NA,PAV and RPV ctrls didn't show up,shoot
2,8,RPV,P,3,N+P,12/9/16,12/16/16,12/30/16,12/30/16,0,1,NA,NA,PAV and RPV ctrls didn't show up,shoot
2,8,RPV,P,3,P,12/9/16,12/16/16,12/30/16,12/30/16,0,0.5,NA,NA,PAV and RPV ctrls didn't show up,shoot
2,8,coinfection,low,3,low,3/9/16,3/11/16,3/13/16,3/13/16,0,0,NA,NA,NA,shoot
2,8,coinfection,low,3,N,3/9/16,3/11/16,3/13/16,3/13/16,0,0.5,NA,NA,NA,shoot
2,8,coinfection,low,3,N+P,3/9/16,3/11/16,3/13/16,3/13/16,1,1,NA,NA,NA,shoot
2,8,coinfection,low,3,P,3/9/16,3/11/16,3/13/16,3/13/16,0,0.5,NA,NA,NA,shoot
2,8,coinfection,N,3,low,3/9/16,3/11/16,3/13/16,3/13/16,0,0,NA,NA,NA,shoot
2,8,coinfection,N,3,N,3/9/16,3/11/16,3/13/16,3/13/16,1,0,NA,NA,NA,shoot
2,8,coinfection,N,3,N+P,3/9/16,3/11/16,3/13/16,3/13/16,1,0,NA,NA,NA,shoot
2,8,coinfection,N+P,3,N,3/8/16,3/11/16,3/13/16,3/13/16,0,1,NA,NA,NA,shoot
2,8,coinfection,N+P,3,N+P,3/8/16,3/11/16,3/13/16,3/13/16,0,1,NA,NA,NA,shoot
3,1,RPV,low,4,low,2,2/4/15,3/4/15,3/4/15,0,0.5,NA,NA,NA,shoot
3,1,RPV,low,4,N,2,2/4/15,3/4/15,3/4/15,0,1,NA,NA,NA,shoot
3,1,RPV,low,4,N+P,2,2/4/15,3/4/15,3/4/15,0,1,NA,NA,NA,shoot
3,1,RPV,low,4,P,2,2/4/15,3/4/15,3/4/15,0,1,NA,NA,NA,shoot
3,1,RPV,N+P,4,P,3/23/16,3/25/16,3/25/16,3/26/16,0,1,NA,NA,NA,shoot
3,1,RPV,P,4,P,2,2/4/15,3/4/15,3/4/15,0,1,NA,NA,NA,shoot
3,1,RPV,P,4,low,2,2/4/15,3/4/15,3/4/15,0,1,NA,NA,NA,shoot
3,1,RPV,P,4,N,2,2/4/15,3/4/15,3/4/15,0,0.5,NA,NA,NA,shoot
3,1,RPV,P,4,N+P,2,2/4/15,3/4/15,3/4/15,0,0.5,NA,NA,NA,shoot
3,1,coinfection,low,4,low,3/9/16,3/11/16,3/13/16,3/13/16,0,1,NA,NA,NA,shoot
3,1,coinfection,low,4,N,3/9/16,3/11/16,3/13/16,3/13/16,0,1,NA,NA,NA,shoot
3,1,coinfection,low,4,N+P,3/9/16,3/11/16,3/13/16,3/13/16,0,1,NA,NA,NA,shoot
3,1,coinfection,low,4,P,3/9/16,3/11/16,3/13/16,3/13/16,1,1,NA,NA,NA,shoot
3,1,coinfection,N,4,low,3/9/16,3/11/16,3/13/16,3/13/16,0,1,NA,NA,NA,shoot
3,1,coinfection,N,4,N,3/9/16,3/11/16,3/13/16,3/13/16,0,1,NA,NA,NA,shoot
3,1,coinfection,N,4,N+P,3/9/16,3/11/16,3/13/16,3/13/16,0,1,NA,NA,NA,shoot
3,1,coinfection,N,4,P,3/9/16,3/11/16,3/13/16,3/13/16,1,1,NA,NA,NA,shoot
3,1,coinfection,N+P,4,low,3/9/16,3/11/16,3/13/16,3/13/16,0,1,NA,NA,NA,shoot
3,1,coinfection,N+P,4,N,3/9/16,3/11/16,3/13/16,3/13/16,0,1,NA,NA,NA,shoot
3,1,coinfection,N+P,4,N+P,3/9/16,3/11/16,3/13/16,3/13/16,1,0,NA,NA,NA,shoot
3,1,coinfection,N+P,4,P,3/9/16,3/11/16,3/13/16,3/13/16,0,1,NA,NA,NA,shoot
3,1,coinfection,P,4,low,3/9/16,3/11/16,3/13/16,3/13/16,0,1,NA,NA,NA,shoot
3,1,coinfection,P,4,N,3/9/16,3/11/16,3/13/16,3/13/16,0,1,NA,NA,NA,shoot
3,1,coinfection,P,4,P,3/9/16,3/11/16,3/13/16,3/13/16,0,0.5,NA,NA,NA,shoot
3,2,RPV,low,4,low,12/9/16,12/16/16,12/30/16,12/30/16,0,1,NA,NA,PAV and RPV ctrls didn't show up,shoot
3,2,RPV,low,4,N,12/9/16,12/16/16,12/30/16,12/30/16,0,1,NA,NA,PAV and RPV ctrls didn't show up,shoot
3,2,RPV,low,4,N+P,12/9/16,12/16/16,12/30/16,12/30/16,0,1,NA,NA,PAV and RPV ctrls didn't show up,shoot
3,2,RPV,low,4,P,12/9/16,12/16/16,12/30/16,12/30/16,0,1,NA,NA,PAV and RPV ctrls didn't show up,shoot
3,2,RPV,N,4,low,4/6/16,4/8/16,4/9/16,4/9/16,0,1,NA,NA,NA,shoot
3,2,RPV,N,4,N,4/6/16,4/8/16,4/9/16,4/9/16,0,1,NA,NA,NA,shoot
3,2,RPV,N,4,N+P,4/6/16,4/8/16,4/9/16,4/9/16,0,1,NA,NA,NA,shoot
3,2,RPV,N,4,P,4/6/16,4/8/16,4/9/16,4/9/16,0,1,NA,NA,NA,shoot
3,2,RPV,N+P,4,low,3/28/16,4/1/16,4/1/16,4/4/16,0,1,NA,NA,NA,shoot
3,2,RPV,N+P,4,N,3/28/16,4/1/16,4/1/16,4/4/16,0,1,NA,NA,NA,shoot
3,2,RPV,N+P,4,N+P,3/28/16,4/1/16,4/1/16,4/4/16,0,1,NA,NA,NA,shoot
3,2,RPV,N+P,4,P,3/28/16,4/1/16,4/1/16,4/4/16,0,1,NA,NA,NA,shoot
3,2,RPV,P,4,N,2,2/4/15,3/4/15,3/4/15,0,1,NA,NA,NA,shoot
3,2,RPV,P,4,low,2,2/4/15,3/4/15,3/4/15,0,1,NA,NA,NA,shoot
3,2,RPV,P,4,N+P,2,2/4/15,3/4/15,3/4/15,0,1,NA,NA,NA,shoot
3,2,RPV,P,4,P,2,2/4/15,3/4/15,3/4/15,0,1,NA,NA,NA,shoot
3,2,coinfection,low,4,low,3/9/16,3/11/16,3/13/16,3/13/16,0,1,NA,NA,NA,shoot
3,2,coinfection,low,4,N,3/9/16,3/11/16,3/13/16,3/13/16,0,1,NA,NA,NA,shoot
3,2,coinfection,low,4,N+P,3/9/16,3/11/16,3/13/16,3/13/16,0,0,NA,NA,NA,shoot
3,2,coinfection,low,4,P,3/9/16,3/11/16,3/13/16,3/13/16,0,0,NA,NA,NA,shoot
3,2,coinfection,N+P,4,low,3/9/16,3/11/16,3/13/16,3/13/16,1,1,NA,NA,NA,shoot
3,2,coinfection,N+P,4,N,3/9/16,3/11/16,3/13/16,3/13/16,1,1,NA,NA,NA,shoot
3,2,coinfection,N+P,4,N+P,3/9/16,3/11/16,3/13/16,3/13/16,1,1,NA,NA,NA,shoot
3,2,coinfection,N+P,4,P,3/9/16,3/11/16,3/13/16,3/13/16,1,1,NA,NA,NA,shoot
3,2,coinfection,P,4,low,3/1/16,3/4/16,3/5/16,3/5/16,1,1,NA,NA,NA,shoot
3,2,coinfection,P,4,N,3/1/16,3/4/16,3/5/16,3/5/16,0,0,NA,NA,NA,shoot
3,2,coinfection,P,4,N+P,3/1/16,3/4/16,3/5/16,3/5/16,1,1,NA,NA,NA,shoot
3,2,coinfection,P,4,P,3/1/16,3/4/16,3/5/16,3/5/16,0.5,0.5,NA,NA,NA,shoot
3,2,PAV,N,4,low,2/16/15,2/19/16,2/19/16,2/19/16,0,0,NA,NA,NA,shoot
3,2,PAV,N,4,N,2/16/15,2/19/16,2/19/16,2/19/16,0.5,0,NA,NA,NA,shoot
3,2,PAV,N,4,N+P,2/16/15,2/19/16,2/19/16,2/19/16,1,0,NA,NA,NA,shoot
3,2,PAV,N,4,P,2/16/15,2/19/16,2/19/16,2/19/16,0,0,NA,NA,NA,shoot
3,2,PAV,N+P,4,low,2/16/15,2/19/16,2/19/16,2/19/16,0,0,NA,NA,NA,shoot
3,2,PAV,N+P,4,N+P,2/16/15,2/19/16,2/19/16,2/19/16,0,0,NA,NA,NA,shoot
3,2,PAV,N+P,4,P,2/16/15,2/19/16,2/19/16,2/19/16,0,0,NA,NA,NA,shoot
3,3,RPV,low,4,N+P,3,3/3/15,3/5/15,3/10/15,0,1,NA,NA,NA,shoot
3,3,RPV,N,4,low,2,2/4/15,3/4/15,3/4/15,0,1,NA,NA,NA,shoot
3,3,RPV,N,4,N,2,2/4/15,3/4/15,3/4/15,0,1,NA,NA,NA,shoot
3,3,RPV,N,4,N+P,2,2/4/15,3/4/15,3/4/15,0,1,NA,NA,NA,shoot
3,3,RPV,N,4,P,2,2/4/15,3/4/15,3/4/15,0,1,NA,NA,NA,shoot
3,3,RPV,N+P,4,low,8/18/15,8/19/15,8/21/15,8/21/15,0,1,NA,NA,NA,shoot
3,3,RPV,N+P,4,N,2,2/4/15,3/4/15,3/4/15,0,1,NA,NA,NA,shoot
3,3,RPV,N+P,4,N+P,3,3/3/15,3/5/15,3/10/15,0,1,NA,NA,NA,shoot
3,3,RPV,N+P,4,P,8/18/15,8/19/15,8/21/15,8/21/15,0,1,NA,NA,NA,shoot
3,3,RPV,P,4,low,3/28/16,4/1/16,4/1/16,4/4/16,0,1,NA,NA,NA,shoot
3,3,RPV,P,4,N,3/28/16,4/1/16,4/1/16,4/4/16,0,1,NA,NA,NA,shoot
3,3,RPV,P,4,N+P,3/28/16,4/1/16,4/1/16,4/4/16,0,1,NA,NA,NA,shoot
3,3,RPV,P,4,P,3/28/16,4/1/16,4/1/16,4/4/16,0,0.5,NA,NA,NA,shoot
3,3,coinfection,low,4,low,3/8/16,3/11/16,3/13/16,3/13/16,0,1,NA,Tubes may be labelled as 32 instead of 33,NA,shoot
3,3,coinfection,low,4,N,3/8/16,3/11/16,3/13/16,3/13/16,0,1,NA,Tubes may be labelled as 32 instead of 33,NA,shoot
3,3,coinfection,low,4,N+P,3/8/16,3/11/16,3/13/16,3/13/16,0,1,NA,Tubes may be labelled as 32 instead of 33,NA,shoot
3,3,coinfection,low,4,P,3/8/16,3/11/16,3/13/16,3/13/16,1,1,NA,Tubes may be labelled as 32 instead of 33,NA,shoot
3,3,coinfection,N,4,low,3/1/16,3/4/16,3/5/16,3/5/16,1,1,NA,NA,NA,shoot
3,3,coinfection,N,4,N,3/1/16,3/4/16,3/5/16,3/5/16,1,1,NA,NA,NA,shoot
3,3,coinfection,N,4,N+P,3/1/16,3/4/16,3/5/16,3/5/16,1,1,NA,NA,NA,shoot
3,3,coinfection,N,4,P,3/1/16,3/4/16,3/5/16,3/5/16,0,1,NA,NA,NA,shoot
3,3,coinfection,N+P,4,low,3/1/16,3/4/16,3/5/16,3/5/16,0,1,NA,NA,NA,shoot
3,3,coinfection,N+P,4,N,3/1/16,3/4/16,3/5/16,3/5/16,0,1,NA,NA,NA,shoot
3,3,coinfection,N+P,4,N+P,3/1/16,3/4/16,3/5/16,3/5/16,0,1,NA,NA,NA,shoot
3,3,coinfection,N+P,4,P,3/1/16,3/4/16,3/5/16,3/5/16,1,1,NA,NA,NA,shoot
3,3,coinfection,P,4,low,3/1/16,3/4/16,3/5/16,3/5/16,0,1,NA,NA,NA,shoot
3,3,coinfection,P,4,N,3/1/16,3/4/16,3/5/16,3/5/16,0,1,NA,NA,NA,shoot
3,3,coinfection,P,4,N+P,3/1/16,3/4/16,3/5/16,3/5/16,0,1,NA,NA,NA,shoot
3,3,coinfection,P,4,P,3/1/16,3/4/16,3/5/16,3/5/16,1,1,NA,NA,NA,shoot
3,3,PAV,low,4,low,2/16/15,2/19/16,2/19/16,2/19/16,0,0.5,NA,NA,NA,shoot
3,3,PAV,low,4,N,2/16/15,2/19/16,2/19/16,2/19/16,0,0,NA,NA,NA,shoot
3,3,PAV,low,4,N+P,2/16/15,2/19/16,2/19/16,2/19/16,1,0,NA,NA,NA,shoot
3,3,PAV,low,4,P,2/16/15,2/19/16,2/19/16,2/19/16,0,0,NA,NA,NA,shoot
3,3,PAV,N,4,low,2/16/15,2/19/16,2/19/16,2/19/16,1,0,NA,NA,NA,shoot
3,3,PAV,N,4,N,2/16/15,2/19/16,2/19/16,2/19/16,1,0,NA,NA,NA,shoot
3,3,PAV,N,4,N+P,2/16/15,2/19/16,2/19/16,2/19/16,0.5,0,NA,NA,NA,shoot
3,3,PAV,N,4,P,2/16/15,2/19/16,2/19/16,2/19/16,0,0,NA,NA,NA,shoot
3,3,PAV,P,4,low,2/16/15,2/19/16,2/19/16,2/19/16,1,0,NA,NA,NA,shoot
3,3,PAV,P,4,N,2/16/15,2/19/16,2/19/16,2/19/16,1,0,NA,NA,NA,shoot
3,3,PAV,P,4,N+P,2/16/15,2/19/16,2/19/16,2/19/16,0,0,NA,NA,NA,shoot
3,3,PAV,P,4,P,2/16/15,2/19/16,2/19/16,2/19/16,0,0,NA,NA,NA,shoot
3,5,RPV,low,4,N,3,3/3/15,3/5/15,3/10/15,0,0,NA,NA,NA,shoot
3,5,RPV,low,4,low,3,3/3/15,3/5/15,3/10/15,0,1,NA,NA,NA,shoot
3,5,RPV,low,4,N+P,3,3/3/15,3/5/15,3/10/15,0,1,NA,NA,NA,shoot
3,5,RPV,low,4,P,3,3/3/15,3/5/15,3/10/15,0,1,NA,NA,NA,shoot
3,5,RPV,N,4,N,3/28/16,4/1/16,4/1/16,4/4/16,0,1,NA,NA,NA,shoot
3,5,RPV,N,4,N+P,3/28/16,4/1/16,4/1/16,4/4/16,0,1,NA,NA,NA,shoot
3,5,RPV,N,4,P,3/28/16,4/1/16,4/1/16,4/4/16,0,0,NA,NA,NA,shoot
3,5,RPV,N+P,4,low,3,3/3/15,3/5/15,3/10/15,0,0.5,NA,NA,NA,shoot
3,5,RPV,N+P,4,N,3,3/3/15,3/5/15,3/10/15,0,0.5,NA,NA,NA,shoot
3,5,RPV,N+P,4,N+P,3,3/3/15,3/5/15,3/10/15,0,1,NA,NA,NA,shoot
3,5,RPV,N+P,4,P,3,3/3/15,3/5/15,3/10/15,0,1,NA,NA,NA,shoot
3,5,RPV,P,4,low,3,3/3/15,3/5/15,3/10/15,0,0,NA,NA,NA,shoot
3,5,RPV,P,4,N,3,3/3/15,3/5/15,3/10/15,0,1,NA,NA,NA,shoot
3,5,RPV,P,4,N+P,3,3/3/15,3/5/15,3/10/15,0,1,NA,NA,NA,shoot
3,5,RPV,P,4,P,3,3/3/15,3/5/15,3/10/15,0,0.5,NA,NA,NA,shoot
3,5,coinfection,low,4,low,3/1/16,3/4/16,3/5/16,3/5/16,1,0,NA,NA,NA,shoot
3,5,coinfection,low,4,N,3/1/16,3/4/16,3/5/16,3/5/16,1,1,NA,NA,NA,shoot
3,5,coinfection,low,4,N+P,3/1/16,3/4/16,3/5/16,3/5/16,1,1,NA,NA,NA,shoot
3,5,coinfection,low,4,P,3/1/16,3/4/16,3/5/16,3/5/16,0,0,NA,NA,NA,shoot
3,5,coinfection,N,4,N,3/1/16,3/4/16,3/5/16,3/5/16,0.5,0,NA,NA,NA,shoot
3,5,coinfection,N,4,N+P,3/1/16,3/4/16,3/5/16,3/5/16,0,0,NA,NA,NA,shoot
3,5,coinfection,N,4,P,3/1/16,3/4/16,3/5/16,3/5/16,0,0,NA,NA,NA,shoot
3,5,coinfection,N+P,4,low,3/1/16,3/4/16,3/5/16,3/5/16,0,0,NA,NA,NA,shoot
3,5,coinfection,N+P,4,N+P,3/1/16,3/4/16,3/5/16,3/5/16,0,0,NA,NA,NA,shoot
3,5,coinfection,N+P,4,P,3/1/16,3/4/16,3/5/16,3/5/16,0,1,NA,NA,NA,shoot
3,5,coinfection,P,4,low,3/3/16,3/4/16,3/5/16,3/5/16,0,0,NA,NA,NA,shoot
3,5,coinfection,P,4,N+P,3/3/16,3/4/16,3/5/16,3/5/16,1,1,NA,NA,NA,shoot
3,5,coinfection,P,4,P,3/21/16,3/25/16,3/25/16,3/26/16,0.5,0,NA,NA,NA,shoot
3,5,PAV,low,4,low,2/16/15,2/19/16,2/19/16,2/19/16,0,0,NA,NA,NA,shoot
3,5,PAV,low,4,N,2/16/15,2/19/16,2/19/16,2/19/16,1,0,NA,NA,NA,shoot
3,5,PAV,low,4,N+P,2/16/15,2/19/16,2/19/16,2/19/16,1,0,NA,NA,NA,shoot
3,5,PAV,N,4,N,2/16/15,2/19/16,2/19/16,2/19/16,1,0,NA,NA,NA,shoot
3,5,PAV,N,4,N+P,2/16/15,2/19/16,2/19/16,2/19/16,1,0,NA,NA,NA,shoot
3,5,PAV,N,4,P,2/16/15,2/19/16,2/19/16,2/19/16,0.5,0,NA,NA,NA,shoot
3,5,PAV,P,4,low,2/29/16,3/4/16,3/5/16,3/5/16,0,0,NA,NA,NA,shoot
3,5,PAV,P,4,P,2/29/16,3/4/16,3/5/16,3/5/16,0,0,NA,NA,NA,shoot
3,6,RPV,N,4,P,3,3/3/15,3/5/15,3/10/15,0,1,NA,NA,NA,shoot
3,6,RPV,N,4,N,3,3/3/15,3/5/15,3/10/15,0,1,NA,NA,NA,shoot
3,6,RPV,N,4,N+P,3,3/3/15,3/5/15,3/10/15,0,1,NA,NA,NA,shoot
3,6,RPV,N+P,4,low,3/28/16,4/1/16,4/1/16,4/4/16,0,1,NA,NA,NA,shoot
3,6,RPV,N+P,4,N+P,3/28/16,4/1/16,4/1/16,4/4/16,0,1,NA,NA,NA,shoot
3,6,RPV,N+P,4,P,3/28/16,4/1/16,4/1/16,4/4/16,0,0,NA,NA,NA,shoot
3,6,RPV,P,4,low,3,3/3/15,3/5/15,3/10/15,0,0.5,NA,NA,NA,shoot
3,6,RPV,P,4,N,3,3/3/15,3/5/15,3/10/15,0,1,NA,NA,NA,shoot
3,6,RPV,P,4,P,3,3/3/15,3/5/15,3/10/15,0,0,NA,NA,NA,shoot
3,6,coinfection,low,4,N,3/3/16,3/4/16,3/5/16,3/5/16,1,1,NA,NA,NA,shoot
3,6,coinfection,low,4,N+P,3/3/16,3/4/16,3/5/16,3/5/16,0,1,NA,NA,NA,shoot
3,6,coinfection,low,4,low,3/21/16,3/25/16,3/25/16,3/26/16,0,1,NA,NA,NA,shoot
3,6,coinfection,N,4,N,4/12/16,4/22/16,4/30/16,4/30/16,0,1,NA,NA,NA,shoot
3,6,coinfection,N,4,N+P,4/12/16,4/22/16,4/30/16,4/30/16,1,1,NA,NA,NA,shoot
3,6,coinfection,N+P,4,low,8/18/15,8/19/15,8/21/15,8/21/15,1,0,NA,NA,NA,shoot
3,6,coinfection,N+P,4,N,8/18/15,8/19/15,8/21/15,8/21/15,1,1,NA,NA,NA,shoot
3,6,coinfection,N+P,4,N+P,8/18/15,8/19/15,8/21/15,8/21/15,0.5,1,NA,NA,NA,shoot
3,6,coinfection,N+P,4,P,8/18/15,8/19/15,8/21/15,8/21/15,1,1,NA,NA,NA,shoot
3,6,coinfection,P,4,low,3/3/16,3/4/16,3/5/16,3/5/16,0,0.5,NA,NA,NA,shoot
3,6,coinfection,P,4,P,3/3/16,3/4/16,3/5/16,3/5/16,0,0.5,NA,NA,NA,shoot
3,6,coinfection,P,4,N,3/3/16,3/4/16,3/5/16,3/5/16,1,1,NA,NA,NA,shoot
3,6,coinfection,P,4,N+P,3/21/16,3/25/16,3/25/16,3/26/16,0.5,1,NA,NA,NA,shoot
3,6,PAV,low,4,low,2/11/16,2/12/16,2/12/16,2/12/16,1,0,NA,NA,NA,shoot
3,6,PAV,low,4,N,2/11/16,2/12/16,2/12/16,2/12/16,0,0,NA,NA,NA,shoot
3,6,PAV,low,4,N+P,2/11/16,2/12/16,2/12/16,2/12/16,1,1,NA,NA,NA,shoot
3,6,PAV,N,4,N,2/16/15,2/19/16,2/19/16,2/19/16,1,0,NA,NA,NA,shoot
3,6,PAV,N,4,N+P,2/16/15,2/19/16,2/19/16,2/19/16,1,1,NA,NA,NA,shoot
3,6,PAV,N,4,P,2/16/15,2/19/16,2/19/16,2/19/16,1,0,NA,NA,NA,shoot
3,6,PAV,N+P,4,low,12/15/15,1/6/16,1/7/16,1/7/16,0,0,NA,NA,PAV ctrl didn't show up,shoot
3,6,PAV,N+P,4,N,12/15/15,1/6/16,1/7/16,1/7/16,1,1,NA,NA,PAV ctrl didn't show up,shoot
3,6,PAV,N+P,4,P,12/15/15,1/6/16,1/7/16,1/7/16,0,0,NA,NA,PAV ctrl didn't show up,shoot
3,6,PAV,P,4,low,2/16/15,2/19/16,2/19/16,2/19/16,1,0,NA,NA,NA,shoot
3,6,PAV,P,4,P,2/16/15,2/19/16,2/19/16,2/19/16,1,0,NA,NA,NA,shoot
3,7,RPV,low,4,low,3/28/16,4/1/16,4/1/16,4/4/16,0,1,NA,NA,NA,shoot
3,7,RPV,low,4,N,3/28/16,4/1/16,4/1/16,4/4/16,0,1,NA,NA,NA,shoot
3,7,RPV,low,4,N+P,3/28/16,4/1/16,4/1/16,4/4/16,0,1,NA,NA,NA,shoot
3,7,RPV,N,4,P,3,3/3/15,3/5/15,3/10/15,0.5,1,NA,NA,NA,shoot
3,7,RPV,N,4,N+P,3,3/3/15,3/5/15,3/10/15,0,1,NA,NA,NA,shoot
3,7,RPV,N,4,N,3,3/3/15,3/5/15,3/10/15,0,1,NA,NA,NA,shoot
3,7,RPV,N+P,4,low,4,3/24/15,4/21/15,4/21/15,0,0,NA,NA,NA,shoot
3,7,RPV,N+P,4,N,3,3/3/15,3/5/15,3/10/15,0,0.5,NA,NA,NA,shoot
3,7,RPV,N+P,4,N+P,4,3/24/15,4/21/15,4/21/15,0,1,NA,NA,NA,shoot
3,7,RPV,N+P,4,P,3,3/3/15,3/5/15,3/10/15,0,1,NA,NA,NA,shoot
3,7,RPV,P,4,low,3,3/3/15,3/5/15,3/10/15,0,1,NA,NA,NA,shoot
3,7,RPV,P,4,N,3,3/3/15,3/5/15,3/10/15,0,1,NA,NA,NA,shoot
3,7,RPV,P,4,N+P,3,3/3/15,3/5/15,3/10/15,0,1,NA,NA,NA,shoot
3,7,RPV,P,4,P,3,3/3/15,3/5/15,3/10/15,0,1,NA,NA,NA,shoot
3,7,coinfection,low,4,low,3/3/16,3/4/16,3/5/16,3/5/16,0,0,NA,NA,NA,shoot
3,7,coinfection,low,4,N,3/3/16,3/4/16,3/5/16,3/5/16,1,1,NA,NA,NA,shoot
3,7,coinfection,low,4,N+P,3/3/16,3/4/16,3/5/16,3/5/16,0,1,NA,NA,NA,shoot
3,7,coinfection,N,4,N,3/3/16,3/4/16,3/5/16,3/5/16,0,1,NA,NA,NA,shoot
3,7,coinfection,N,4,N+P,3/3/16,3/4/16,3/5/16,3/5/16,1,1,NA,NA,NA,shoot
3,7,coinfection,N,4,P,3/3/16,3/4/16,3/5/16,3/5/16,0,1,NA,NA,NA,shoot
3,7,coinfection,N+P,4,low,3/3/16,3/4/16,3/5/16,3/5/16,1,1,NA,NA,NA,shoot
3,7,coinfection,N+P,4,N+P,3/3/16,3/4/16,3/5/16,3/5/16,0.5,0.5,NA,NA,NA,shoot
3,7,coinfection,N+P,4,P,3/3/16,3/4/16,3/5/16,3/5/16,1,1,NA,NA,NA,shoot
3,7,coinfection,P,4,low,3/3/16,3/4/16,3/5/16,3/5/16,1,1,NA,NA,NA,shoot
3,7,coinfection,P,4,N,3/3/16,3/4/16,3/5/16,3/5/16,1,1,NA,NA,NA,shoot
3,7,coinfection,P,4,P,3/3/16,3/4/16,3/5/16,3/5/16,0.5,1,NA,NA,NA,shoot
3,7,PAV,low,4,low,2/11/16,2/12/16,2/12/16,2/12/16,1,0,NA,NA,NA,shoot
3,7,PAV,low,4,N,2/11/16,2/12/16,2/12/16,2/12/16,1,0,NA,NA,NA,shoot
3,7,PAV,low,4,N+P,2/11/16,2/12/16,2/12/16,2/12/16,1,0,NA,NA,NA,shoot
3,7,PAV,N,4,low,2/11/16,2/12/16,2/12/16,2/12/16,1,0,NA,NA,NA,shoot
3,7,PAV,N,4,N,2/11/16,2/12/16,2/12/16,2/12/16,1,0,NA,NA,NA,shoot
3,7,PAV,N,4,N+P,2/11/16,2/12/16,2/12/16,2/12/16,1,0,NA,NA,NA,shoot
3,7,PAV,N,4,P,2/11/16,2/12/16,2/12/16,2/12/16,1,0,NA,NA,NA,shoot
3,7,PAV,N+P,4,N+P,2/11/16,2/12/16,2/12/16,2/12/16,1,1,NA,NA,NA,shoot
3,7,PAV,N+P,4,P,2/11/16,2/12/16,2/12/16,2/12/16,0.5,1,NA,NA,NA,shoot
3,7,PAV,P,4,low,2/11/16,2/12/16,2/12/16,2/12/16,1,0,NA,NA,NA,shoot
3,7,PAV,P,4,P,2/11/16,2/12/16,2/12/16,2/12/16,0,0,NA,NA,NA,shoot
3,8,RPV,low,4,low,3/28/16,4/1/16,4/1/16,4/4/16,0,1,NA,NA,NA,shoot
3,8,RPV,low,4,N,3/28/16,4/1/16,4/1/16,4/4/16,0,1,NA,NA,NA,shoot
3,8,RPV,low,4,N+P,3/28/16,4/1/16,4/1/16,4/4/16,0,1,NA,NA,NA,shoot
3,8,RPV,low,4,P,3/28/16,4/1/16,4/1/16,4/4/16,0,1,NA,NA,NA,shoot
3,8,RPV,N,4,low,3/28/16,4/1/16,4/1/16,4/4/16,0,0,NA,NA,NA,shoot
3,8,RPV,N,4,N,3/28/16,4/1/16,4/1/16,4/4/16,0,1,NA,NA,NA,shoot
3,8,RPV,N,4,N+P,3/28/16,4/1/16,4/1/16,4/4/16,0,1,NA,NA,NA,shoot
3,8,RPV,N,4,P,3/28/16,4/1/16,4/1/16,4/4/16,0,0,NA,NA,NA,shoot
3,8,RPV,N+P,4,low,4,3/24/15,4/21/15,4/21/15,0,1,NA,NA,NA,shoot
3,8,RPV,N+P,4,N,4,3/24/15,4/21/15,4/21/15,0,1,NA,NA,NA,shoot
3,8,RPV,N+P,4,N+P,4,3/24/15,4/21/15,4/21/15,0,1,NA,NA,NA,shoot
3,8,RPV,N+P,4,P,4,3/24/15,4/21/15,4/21/15,0,1,NA,NA,NA,shoot
3,8,RPV,P,4,N,4,3/24/15,4/21/15,4/21/15,0,1,NA,NA,NA,shoot
3,8,RPV,P,4,low,4,3/24/15,4/21/15,4/21/15,0,1,NA,NA,NA,shoot
3,8,RPV,P,4,N+P,4,3/24/15,4/21/15,4/21/15,0.5,1,NA,NA,NA,shoot
3,8,RPV,P,4,P,4,3/24/15,4/21/15,4/21/15,0,1,NA,NA,NA,shoot
3,8,coinfection,low,4,P,3/3/16,3/4/16,3/5/16,3/5/16,0,1,NA,NA,NA,shoot
3,8,coinfection,low,4,low,3/3/16,3/4/16,3/5/16,3/5/16,1,1,NA,NA,NA,shoot
3,8,coinfection,low,4,N,3/3/16,3/4/16,3/5/16,3/5/16,0,1,NA,NA,NA,shoot
3,8,coinfection,low,4,N+P,3/3/16,3/4/16,3/5/16,3/5/16,1,1,NA,NA,NA,shoot
3,8,coinfection,N,4,low,3/3/16,3/4/16,3/5/16,3/5/16,1,1,NA,NA,NA,shoot
3,8,coinfection,N,4,N,3/3/16,3/4/16,3/5/16,3/5/16,0,0,NA,NA,NA,shoot
3,8,coinfection,N,4,N+P,3/3/16,3/4/16,3/5/16,3/5/16,1,0,NA,NA,NA,shoot
3,8,coinfection,N,4,P,3/3/16,3/4/16,3/5/16,3/5/16,0.5,1,NA,NA,NA,shoot
3,8,coinfection,P,4,low,2/9/16,2/12/16,2/12/16,2/12/16,1,1,NA,NA,NA,shoot
3,8,coinfection,P,4,N,2/9/16,2/12/16,2/12/16,2/12/16,1,1,NA,NA,NA,shoot
3,8,coinfection,P,4,N+P,2/9/16,2/12/16,2/12/16,2/12/16,1,1,NA,NA,NA,shoot
3,8,coinfection,P,4,P,2/9/16,2/12/16,2/12/16,2/12/16,0.5,0,NA,NA,NA,shoot
3,8,PAV,low,4,low,2/11/16,2/12/16,2/12/16,2/12/16,1,0,NA,NA,NA,shoot
3,8,PAV,low,4,N,2/11/16,2/12/16,2/12/16,2/12/16,0,1,NA,NA,NA,shoot
3,8,PAV,low,4,N+P,2/11/16,2/12/16,2/12/16,2/12/16,1,0,NA,NA,NA,shoot
3,8,PAV,N,4,N,2/11/16,2/12/16,2/12/16,2/12/16,1,1,NA,NA,NA,shoot
3,8,PAV,N,4,N+P,2/11/16,2/12/16,2/12/16,2/12/16,0.5,1,NA,NA,NA,shoot
3,8,PAV,N,4,P,2/11/16,2/12/16,2/12/16,2/12/16,1,1,NA,NA,NA,shoot
3,8,PAV,P,4,low,2/11/16,2/12/16,2/12/16,2/12/16,1,0,NA,NA,NA,shoot
3,8,PAV,P,4,N,2/11/16,2/12/16,2/12/16,2/12/16,1,0,NA,NA,NA,shoot
3,8,PAV,P,4,P,2/11/16,2/12/16,2/12/16,2/12/16,0.5,0,NA,NA,NA,shoot
4,2,RPV,low,5,low,3/28/16,4/1/16,4/1/16,4/4/16,0,1,NA,NA,NA,shoot
4,2,RPV,low,5,N,3/28/16,4/1/16,4/1/16,4/4/16,0,1,NA,NA,NA,shoot
4,2,RPV,low,5,P,3/28/16,4/1/16,4/1/16,4/4/16,0,1,NA,NA,NA,shoot
4,2,RPV,N,5,low,2/18/16,2/19/16,2/19/16,2/19/16,0,0.5,NA,NA,NA,shoot
4,2,RPV,N,5,N,2/18/16,2/19/16,2/19/16,2/19/16,0,1,NA,NA,NA,shoot
4,2,RPV,N,5,N+P,2/18/16,2/19/16,2/19/16,2/19/16,0,1,NA,NA,NA,shoot
4,2,RPV,P,5,low,4,3/24/15,4/21/15,4/21/15,0,1,NA,NA,NA,shoot
4,2,RPV,P,5,N,4,3/24/15,4/21/15,4/21/15,0,1,NA,NA,NA,shoot
4,2,RPV,P,5,N+P,4,3/24/15,4/21/15,4/21/15,0,1,NA,NA,NA,shoot
4,2,RPV,P,5,P,4,3/24/15,4/21/15,4/21/15,0,0,NA,NA,NA,shoot
4,2,coinfection,low,5,low,2/9/16,2/12/16,2/12/16,2/12/16,1,0,NA,NA,NA,shoot
4,2,coinfection,low,5,N,2/9/16,2/12/16,2/12/16,2/12/16,0,0,NA,NA,NA,shoot
4,2,coinfection,low,5,N+P,2/9/16,2/12/16,2/12/16,2/12/16,0,0,NA,NA,NA,shoot
4,2,coinfection,low,5,P,2/9/16,2/12/16,2/12/16,2/12/16,0,0,NA,NA,NA,shoot
4,2,coinfection,N,5,low,2/9/16,2/12/16,2/12/16,2/12/16,0,0,NA,NA,NA,shoot
4,2,coinfection,N,5,N,2/9/16,2/12/16,2/12/16,2/12/16,0,1,NA,NA,NA,shoot
4,2,coinfection,N,5,N+P,2/9/16,2/12/16,2/12/16,2/12/16,0,1,NA,NA,NA,shoot
4,2,coinfection,P,5,P,2/9/16,2/12/16,2/12/16,2/12/16,0,0.5,NA,NA,NA,shoot
4,3,RPV,low,5,low,8,4/8/15,4/20/15,4/21/15,0,0,NA,NA,NA,shoot
4,3,RPV,low,5,N,8,4/8/15,4/20/15,4/21/15,0,1,NA,NA,NA,shoot
4,3,RPV,low,5,P,8,4/8/15,4/20/15,4/21/15,0,0,NA,NA,NA,shoot
4,3,RPV,N,5,P,8,4/8/15,4/20/15,4/21/15,0,0.5,NA,NA,NA,shoot
4,3,RPV,N,5,low,8,4/8/15,4/20/15,4/21/15,0,0,NA,NA,NA,shoot
4,3,RPV,N,5,N,8,4/8/15,4/20/15,4/21/15,0,1,NA,NA,NA,shoot
4,3,RPV,N,5,N+P,8,4/8/15,4/20/15,4/21/15,0,1,NA,NA,NA,shoot
4,3,RPV,N+P,5,low,8,4/8/15,4/20/15,4/21/15,0,0.5,NA,NA,NA,shoot
4,3,RPV,N+P,5,N,8,4/8/15,4/20/15,4/21/15,0,1,NA,NA,NA,shoot
4,3,RPV,N+P,5,N+P,8,4/8/15,4/20/15,4/21/15,0,1,NA,NA,NA,shoot
4,3,RPV,N+P,5,P,8,4/8/15,4/20/15,4/21/15,0,0.5,NA,NA,NA,shoot
4,3,RPV,P,5,low,8,4/8/15,4/20/15,4/21/15,0,1,NA,NA,NA,shoot
4,3,RPV,P,5,N,8,4/8/15,4/20/15,4/21/15,0,1,NA,NA,NA,shoot
4,3,RPV,P,5,N+P,8,4/8/15,4/20/15,4/21/15,0,1,NA,NA,NA,shoot
4,3,RPV,P,5,P,8,4/8/15,4/20/15,4/21/15,0,0,NA,NA,NA,shoot
4,3,coinfection,low,5,low,2/9/16,2/12/16,2/12/16,2/12/16,0.5,1,NA,NA,NA,shoot
4,3,coinfection,low,5,N,2/9/16,2/12/16,2/12/16,2/12/16,1,1,NA,NA,NA,shoot
4,3,coinfection,low,5,N+P,2/9/16,2/12/16,2/12/16,2/12/16,1,1,NA,NA,NA,shoot
4,3,coinfection,low,5,P,2/9/16,2/12/16,2/12/16,2/12/16,1,1,NA,NA,NA,shoot
4,3,coinfection,N,5,low,2/9/16,2/12/16,2/12/16,2/12/16,0,0,NA,NA,NA,shoot
4,3,coinfection,N,5,N,2/9/16,2/12/16,2/12/16,2/12/16,1,1,NA,NA,NA,shoot
4,3,coinfection,N,5,N+P,2/9/16,2/12/16,2/12/16,2/12/16,0,1,NA,NA,NA,shoot
4,3,coinfection,N,5,P,2/9/16,2/12/16,2/12/16,2/12/16,0,1,NA,NA,NA,shoot
4,3,coinfection,P,5,low,2/9/16,2/12/16,2/12/16,2/12/16,1,1,NA,NA,NA,shoot
4,3,coinfection,P,5,N,2/9/16,2/12/16,2/12/16,2/12/16,1,1,NA,NA,NA,shoot
4,3,coinfection,P,5,N+P,2/9/16,2/12/16,2/12/16,2/12/16,1,1,NA,NA,NA,shoot
4,3,coinfection,P,5,P,2/9/16,2/12/16,2/12/16,2/12/16,0,1,NA,NA,NA,shoot
4,3,PAV,low,5,low,2/11/16,2/12/16,2/12/16,2/12/16,1,0,NA,NA,NA,shoot
4,3,PAV,low,5,N,2/11/16,2/12/16,2/12/16,2/12/16,0,0,NA,NA,NA,shoot
4,3,PAV,low,5,N+P,2/11/16,2/12/16,2/12/16,2/12/16,1,0,NA,NA,NA,shoot
4,3,PAV,low,5,P,2/11/16,2/12/16,2/12/16,2/12/16,0,0,NA,NA,NA,shoot
4,3,PAV,N+P,5,low,2/22/16,2/26/16,2/26/16,2/26/16,1,0.5,NA,NA,RT ctrl positive for RPV,shoot
4,3,PAV,N+P,5,N,2/22/16,2/26/16,2/26/16,2/26/16,1,1,NA,NA,RT ctrl positive for RPV,shoot
4,3,PAV,N+P,5,N+P,2/22/16,2/26/16,2/26/16,2/26/16,1,0,NA,NA,RT ctrl positive for RPV,shoot
4,3,PAV,N+P,5,P,2/22/16,2/26/16,2/26/16,2/26/16,1,0,NA,NA,RT ctrl positive for RPV,shoot
4,4,P/R,low,5,N,8,4/8/15,4/20/15,4/21/15,0.5,0.5,NA,NA,NA,NA
4,4,P/R,low,5,N+P,8/18/15,8/19/15,8/21/15,8/21/15,1,1,labelled with both PAV and RPV ctrl because these plants got mixed up - figure out which is which after molecular work,NA,NA,NA
4,4,P/R,low,5,low,8,4/8/15,4/20/15,4/21/15,0,0,NA,NA,NA,NA
4,4,P/R,low,5,low,8/18/15,8/19/15,8/21/15,8/21/15,1,0.5,labelled with both PAV and RPV ctrl because these plants got mixed up - figure out which is which after molecular work,NA,NA,NA
4,4,RPV,N,5,low,4,3/24/15,4/21/15,4/21/15,0,1,NA,NA,NA,shoot
4,4,RPV,N,5,N,4,3/24/15,4/21/15,4/21/15,0,1,NA,NA,NA,shoot
4,4,RPV,N,5,N+P,4,3/24/15,4/21/15,4/21/15,0,1,NA,NA,NA,shoot
4,4,RPV,N,5,P,4,3/24/15,4/21/15,4/21/15,0,1,NA,NA,NA,shoot
4,4,RPV,N+P,5,low,4,3/24/15,4/21/15,4/21/15,0,1,NA,NA,NA,shoot
4,4,RPV,N+P,5,N,4,3/24/15,4/21/15,4/21/15,0,1,NA,NA,NA,shoot
4,4,RPV,N+P,5,N+P,4,3/24/15,4/21/15,4/21/15,0,1,NA,NA,NA,shoot
4,4,RPV,N+P,5,P,4,3/24/15,4/21/15,4/21/15,0,1,NA,NA,NA,shoot
4,4,coinfection,low,5,low,2/9/16,2/12/16,2/12/16,2/12/16,0,1,NA,NA,NA,shoot
4,4,coinfection,low,5,N,2/9/16,2/12/16,2/12/16,2/12/16,1,0,NA,NA,NA,shoot
4,4,coinfection,low,5,P,2/9/16,2/12/16,2/12/16,2/12/16,0.5,0,NA,NA,NA,shoot
4,4,coinfection,N,5,N,2/9/16,2/12/16,2/12/16,2/12/16,1,1,NA,NA,NA,shoot
4,4,coinfection,N,5,N+P,2/9/16,2/12/16,2/12/16,2/12/16,1,1,NA,NA,NA,shoot
4,4,coinfection,N,5,P,2/9/16,2/12/16,2/12/16,2/12/16,0.5,1,NA,NA,NA,shoot
4,4,coinfection,N+P,5,low,1/28/16,2/1/16,2/1/16,2/1/16,0,1,NA,NA,NA,shoot
4,4,coinfection,N+P,5,N,1/28/16,2/1/16,2/1/16,2/1/16,0,0,NA,NA,NA,shoot
4,4,coinfection,N+P,5,N+P,1/28/16,2/1/16,2/1/16,2/1/16,0,1,NA,NA,NA,shoot
4,4,coinfection,N+P,5,P,1/28/16,2/1/16,2/1/16,2/1/16,0.5,0.5,NA,NA,NA,shoot
4,4,coinfection,P,5,low,1/28/16,2/1/16,2/1/16,2/1/16,1,1,NA,NA,NA,shoot
4,4,coinfection,P,5,N,1/28/16,2/1/16,2/1/16,2/1/16,1,1,NA,NA,NA,shoot
4,4,coinfection,P,5,N+P,1/28/16,2/1/16,2/1/16,2/1/16,1,0.5,NA,NA,NA,shoot
4,4,coinfection,P,5,P,1/28/16,2/1/16,2/1/16,2/1/16,0,0.5,NA,NA,NA,shoot
4,4,PAV,N,5,N+P,2/11/16,2/12/16,2/12/16,2/12/16,1,0,"this bag was with the PAV NP samples, so it may have been mis-labelled or I took the wrong one when organizing samples and NP PAV NP is un-extracted",NA,NA,shoot
4,4,PAV,N+P,5,low,2/11/16,2/12/16,2/12/16,2/12/16,1,0,NA,NA,NA,shoot
4,4,PAV,N+P,5,N,2/11/16,2/12/16,2/12/16,2/12/16,0,0,NA,NA,NA,shoot
4,4,PAV,N+P,5,N+P,3/28/16,4/1/16,4/1/16,4/4/16,0,0,NA,NA,NA,shoot
4,4,PAV,P,5,low,2/22/16,2/26/16,2/26/16,2/26/16,1,0,NA,NA,RT ctrl positive for RPV,shoot
4,4,PAV,P,5,N,2/22/16,2/26/16,2/26/16,2/26/16,1,0,NA,NA,RT ctrl positive for RPV,shoot
4,4,PAV,P,5,N+P,2/22/16,2/26/16,2/26/16,2/26/16,1,0,NA,NA,RT ctrl positive for RPV,shoot
4,4,PAV,P,5,P,2/22/16,2/26/16,2/26/16,2/26/16,1,0,NA,NA,RT ctrl positive for RPV,shoot
4,5,RPV,N,5,low,4,3/24/15,4/21/15,4/21/15,1,1,NA,NA,NA,shoot
4,5,RPV,N,5,N,4,3/24/15,4/21/15,4/21/15,0,1,NA,NA,NA,shoot
4,5,RPV,N,5,N+P,4,3/24/15,4/21/15,4/21/15,1,0,NA,NA,NA,shoot
4,5,RPV,N,5,P,4,3/24/15,4/21/15,4/21/15,0.5,0.5,NA,NA,NA,shoot
4,5,RPV,N+P,5,low,2/18/16,2/19/16,2/19/16,2/19/16,0.5,0.5,NA,NA,NA,shoot
4,5,RPV,N+P,5,N,2/18/16,2/19/16,2/19/16,2/19/16,0,1,NA,NA,NA,shoot
4,5,RPV,N+P,5,P,2/18/16,2/19/16,2/19/16,2/19/16,1,1,NA,NA,NA,shoot
4,5,RPV,P,5,low,4,3/24/15,4/21/15,4/21/15,0.5,0.5,NA,NA,NA,shoot
4,5,RPV,P,5,N,4,3/24/15,4/21/15,4/21/15,0,0.5,NA,NA,NA,shoot
4,5,RPV,P,5,N+P,4,3/24/15,4/21/15,4/21/15,1,1,NA,NA,NA,shoot
4,5,RPV,P,5,P,4,3/24/15,4/21/15,4/21/15,0,0.5,NA,NA,NA,shoot
4,5,coinfection,low,5,low,1/28/16,2/1/16,2/1/16,2/1/16,1,1,NA,NA,NA,shoot
4,5,coinfection,low,5,N,1/28/16,2/1/16,2/1/16,2/1/16,0.5,1,NA,NA,NA,shoot
4,5,coinfection,low,5,N+P,1/28/16,2/1/16,2/1/16,2/1/16,0.5,0,NA,NA,NA,shoot
4,5,coinfection,low,5,P,1/28/16,2/1/16,2/1/16,2/1/16,0,0,NA,NA,NA,shoot
4,5,coinfection,N,5,N,1/28/16,2/1/16,2/1/16,2/1/16,0,1,NA,NA,NA,shoot
4,5,coinfection,N,5,N+P,1/28/16,2/1/16,2/1/16,2/1/16,0,0.5,NA,NA,NA,shoot
4,5,coinfection,N,5,P,1/28/16,2/1/16,2/1/16,2/1/16,0,1,NA,NA,NA,shoot
4,5,coinfection,N+P,5,N,1/28/16,2/1/16,2/1/16,2/1/16,0,1,NA,NA,NA,shoot
4,5,coinfection,N+P,5,N+P,1/28/16,2/1/16,2/1/16,2/1/16,0,1,NA,NA,NA,shoot
4,5,coinfection,N+P,5,P,1/28/16,2/1/16,2/1/16,2/1/16,0,1,NA,NA,NA,shoot
4,5,coinfection,P,5,low,1/28/16,2/1/16,2/1/16,2/1/16,1,1,NA,NA,NA,shoot
4,5,coinfection,P,5,N,1/28/16,2/1/16,2/1/16,2/1/16,1,1,NA,NA,NA,shoot
4,5,coinfection,P,5,N+P,1/28/16,2/1/16,2/1/16,2/1/16,1,1,NA,NA,NA,shoot
4,5,coinfection,P,5,P,1/28/16,2/1/16,2/1/16,2/1/16,1,1,NA,NA,NA,shoot
4,5,PAV,N,5,N,2/22/16,2/26/16,2/26/16,2/26/16,1,0.5,NA,NA,RT ctrl positive for RPV,shoot
4,5,PAV,N,5,N+P,2/22/16,2/26/16,2/26/16,2/26/16,0.5,0,NA,NA,RT ctrl positive for RPV,shoot
4,5,PAV,N+P,5,low,2/22/16,2/26/16,2/26/16,2/26/16,1,0,NA,NA,RT ctrl positive for RPV,shoot
4,5,PAV,N+P,5,N,2/22/16,2/26/16,2/26/16,2/26/16,0,0,NA,NA,RT ctrl positive for RPV,shoot
4,5,PAV,N+P,5,N+P,2/22/16,2/26/16,2/26/16,2/26/16,0,0.5,NA,NA,RT ctrl positive for RPV,shoot
4,5,PAV,N+P,5,P,2/22/16,2/26/16,2/26/16,2/26/16,0,1,NA,NA,RT ctrl positive for RPV,shoot
4,5,PAV,P,5,low,2/22/16,2/26/16,2/26/16,2/26/16,1,0.5,NA,NA,RT ctrl positive for RPV,shoot
4,5,PAV,P,5,N,2/22/16,2/26/16,2/26/16,2/26/16,1,0,NA,NA,RT ctrl positive for RPV,shoot
4,5,PAV,P,5,N+P,2/22/16,2/26/16,2/26/16,2/26/16,1,0.5,NA,NA,RT ctrl positive for RPV,shoot
4,5,PAV,P,5,P,2/22/16,2/26/16,2/26/16,2/26/16,1,0,NA,NA,RT ctrl positive for RPV,shoot
4,6,RPV,low,5,low,5,4/8/15,4/20/15,4/21/15,1,0,NA,NA,NA,shoot
4,6,RPV,low,5,N,5,4/8/15,4/20/15,4/21/15,0,1,NA,NA,NA,shoot
4,6,RPV,low,5,N+P,5,4/8/15,4/20/15,4/21/15,0.5,1,NA,NA,NA,shoot
4,6,RPV,low,5,P,5,4/8/15,4/20/15,4/21/15,0,0.5,NA,NA,NA,shoot
4,6,RPV,N,5,low,5,4/8/15,4/20/15,4/21/15,0,0.5,NA,NA,NA,shoot
4,6,RPV,N,5,N,5,4/8/15,4/20/15,4/21/15,1,1,NA,NA,NA,shoot
4,6,RPV,N,5,N+P,5,4/8/15,4/20/15,4/21/15,1,1,NA,NA,NA,shoot
4,6,RPV,N,5,P,5,4/8/15,4/20/15,4/21/15,0,0.5,NA,NA,NA,shoot
4,6,RPV,N+P,5,low,2/18/16,2/19/16,2/19/16,2/19/16,0,0,NA,NA,NA,shoot
4,6,RPV,N+P,5,N+P,2/18/16,2/19/16,2/19/16,2/19/16,0,1,NA,NA,NA,shoot
4,6,RPV,N+P,5,P,2/18/16,2/19/16,2/19/16,2/19/16,0,0,NA,NA,NA,shoot
4,6,RPV,N+P,5,N,4/6/16,4/8/16,4/9/16,4/9/16,0,1,NA,NA,NA,shoot
4,6,RPV,P,5,low,5,4/8/15,4/20/15,4/21/15,0.5,0.5,NA,NA,NA,shoot
4,6,RPV,P,5,N,5,4/8/15,4/20/15,4/21/15,0.5,1,NA,NA,NA,shoot
4,6,RPV,P,5,N+P,5,4/8/15,4/20/15,4/21/15,1,1,NA,NA,NA,shoot
4,6,RPV,P,5,P,5,4/8/15,4/20/15,4/21/15,0.5,1,NA,NA,NA,shoot
4,6,coinfection,low,5,low,1/28/16,2/1/16,2/1/16,2/1/16,0.5,0.5,NA,NA,NA,shoot
4,6,coinfection,low,5,N,1/28/16,2/1/16,2/1/16,2/1/16,1,1,NA,NA,NA,shoot
4,6,coinfection,low,5,N+P,1/28/16,2/1/16,2/1/16,2/1/16,1,1,NA,NA,NA,shoot
4,6,coinfection,low,5,P,1/28/16,2/1/16,2/1/16,2/1/16,0,0,NA,NA,NA,shoot
4,6,coinfection,N,5,low,11/17/15,11/19/15,11/24/15,11/25/15,1,0,NA,NA,NA,shoot
4,6,coinfection,N,5,N,11/17/15,11/19/15,11/24/15,11/25/15,1,1,NA,NA,NA,shoot
4,6,coinfection,N,5,N+P,11/17/15,11/19/15,11/24/15,11/25/15,1,1,NA,NA,NA,shoot
4,6,coinfection,N,5,P,11/17/15,11/19/15,11/24/15,11/25/15,1,1,NA,NA,NA,shoot
4,6,coinfection,N+P,5,low,1/28/16,2/1/16,2/1/16,2/1/16,0,0,NA,NA,NA,shoot
4,6,coinfection,N+P,5,N,1/28/16,2/1/16,2/1/16,2/1/16,1,1,NA,NA,NA,shoot
4,6,coinfection,N+P,5,N+P,1/28/16,2/1/16,2/1/16,2/1/16,1,0,NA,NA,NA,shoot
4,6,coinfection,N+P,5,P,1/28/16,2/1/16,2/1/16,2/1/16,0,0,NA,NA,NA,shoot
4,6,coinfection,P,5,low,2/8/16,2/12/16,2/12/16,2/12/16,0,0,NA,NA,NA,shoot
4,6,coinfection,P,5,N,2/8/16,2/12/16,2/12/16,2/12/16,1,1,NA,NA,NA,shoot
4,6,coinfection,P,5,N+P,2/8/16,2/12/16,2/12/16,2/12/16,1,0,NA,NA,NA,shoot
4,6,coinfection,P,5,P,2/8/16,2/12/16,2/12/16,2/12/16,1,0,NA,NA,NA,shoot
4,6,PAV,low,5,low,2/22/16,2/26/16,2/26/16,2/26/16,1,0.5,NA,NA,RT ctrl positive for RPV,shoot
4,6,PAV,low,5,N,2/22/16,2/26/16,2/26/16,2/26/16,1,0,NA,NA,RT ctrl positive for RPV,shoot
4,6,PAV,low,5,N+P,2/22/16,2/26/16,2/26/16,2/26/16,1,0.5,NA,NA,RT ctrl positive for RPV,shoot
4,6,PAV,low,5,P,2/22/16,2/26/16,2/26/16,2/26/16,0.5,0.5,NA,NA,RT ctrl positive for RPV,shoot
4,6,PAV,N,5,low,11/17/15,11/19/15,11/24/15,11/25/15,1,0,NA,NA,NA,shoot
4,6,PAV,N,5,N,11/17/15,11/19/15,11/24/15,11/25/15,1,0,NA,NA,NA,shoot
4,6,PAV,N,5,N+P,11/17/15,11/19/15,11/24/15,11/25/15,1,1,NA,NA,NA,shoot
4,6,PAV,N,5,P,11/17/15,11/19/15,11/24/15,11/25/15,1,0,NA,NA,NA,shoot
4,6,PAV,N+P,5,low,2/22/16,2/26/16,2/26/16,2/26/16,1,1,NA,NA,RT ctrl positive for RPV,shoot
4,6,PAV,N+P,5,N,2/22/16,2/26/16,2/26/16,2/26/16,1,1,NA,NA,RT ctrl positive for RPV,shoot
4,6,PAV,N+P,5,N+P,2/22/16,2/26/16,2/26/16,2/26/16,1,1,NA,NA,RT ctrl positive for RPV,shoot
4,6,PAV,N+P,5,P,2/22/16,2/26/16,2/26/16,2/26/16,0,0.5,NA,NA,RT ctrl positive for RPV,shoot
4,6,PAV,P,5,low,2/22/16,2/26/16,2/26/16,2/26/16,1,0,NA,NA,RT ctrl positive for RPV,shoot
4,6,PAV,P,5,N,2/22/16,2/26/16,2/26/16,2/26/16,0.5,1,NA,NA,RT ctrl positive for RPV,shoot
4,7,RPV,low,5,low,12/9/16,12/16/16,12/30/16,12/30/16,0,0,NA,NA,PAV and RPV ctrls didn't show up,shoot
4,7,RPV,low,5,N,12/9/16,12/16/16,12/30/16,12/30/16,0,1,NA,NA,PAV and RPV ctrls didn't show up,shoot
4,7,RPV,low,5,N+P,12/9/16,12/16/16,12/30/16,12/30/16,0,1,NA,NA,PAV and RPV ctrls didn't show up,shoot
4,7,RPV,low,5,P,12/9/16,12/16/16,12/30/16,12/30/16,0,1,NA,NA,PAV and RPV ctrls didn't show up,shoot
4,7,RPV,N,5,low,2/18/16,2/19/16,2/19/16,2/19/16,0,1,NA,NA,NA,shoot
4,7,RPV,N,5,N+P,2/18/16,2/19/16,2/19/16,2/19/16,0,1,NA,NA,NA,shoot
4,7,RPV,N,5,P,2/18/16,2/19/16,2/19/16,2/19/16,0,0,NA,NA,NA,shoot
4,7,RPV,N+P,5,low,5,4/8/15,4/20/15,4/21/15,0,1,NA,NA,NA,shoot
4,7,RPV,N+P,5,N,5,4/8/15,4/20/15,4/21/15,0,0,NA,NA,NA,shoot
4,7,RPV,N+P,5,N+P,5,4/8/15,4/20/15,4/21/15,0,1,NA,NA,NA,shoot
4,7,RPV,N+P,5,P,5,4/8/15,4/20/15,4/21/15,0,1,NA,NA,NA,shoot
4,7,RPV,P,5,low,5,4/8/15,4/20/15,4/21/15,1,1,NA,NA,NA,shoot
4,7,RPV,P,5,N,5,4/8/15,4/20/15,4/21/15,0,1,NA,NA,NA,shoot
4,7,RPV,P,5,N+P,5,4/8/15,4/20/15,4/21/15,0,1,NA,NA,NA,shoot
4,7,RPV,P,5,P,5,4/8/15,4/20/15,4/21/15,0,1,NA,NA,NA,shoot
4,7,coinfection,low,5,low,2/8/16,2/12/16,2/12/16,2/12/16,0.5,1,NA,NA,NA,shoot
4,7,coinfection,low,5,N,2/8/16,2/12/16,2/12/16,2/12/16,0.5,0.5,NA,NA,NA,shoot
4,7,coinfection,low,5,N+P,2/8/16,2/12/16,2/12/16,2/12/16,0,0,NA,NA,NA,shoot
4,7,coinfection,low,5,P,2/8/16,2/12/16,2/12/16,2/12/16,1,1,NA,NA,NA,shoot
4,7,coinfection,N,5,low,2/8/16,2/12/16,2/12/16,2/12/16,0,1,NA,NA,NA,shoot
4,7,coinfection,N,5,N,2/8/16,2/12/16,2/12/16,2/12/16,1,1,NA,NA,NA,shoot
4,7,coinfection,N+P,5,low,2/8/16,2/12/16,2/12/16,2/12/16,0,1,NA,NA,NA,shoot
4,7,coinfection,N+P,5,N+P,2/8/16,2/12/16,2/12/16,2/12/16,0,1,NA,NA,NA,shoot
4,7,coinfection,N+P,5,P,2/8/16,2/12/16,2/12/16,2/12/16,0,1,NA,NA,NA,shoot
4,7,coinfection,P,5,low,2/8/16,2/12/16,2/12/16,2/12/16,0,0,NA,NA,NA,shoot
4,7,coinfection,P,5,N,2/8/16,2/12/16,2/12/16,2/12/16,0,0,NA,NA,NA,shoot
4,7,coinfection,P,5,N+P,2/8/16,2/12/16,2/12/16,2/12/16,0,0,NA,NA,NA,shoot
4,7,coinfection,P,5,P,2/8/16,2/12/16,2/12/16,2/12/16,0,0,NA,NA,NA,shoot
4,7,PAV,N+P,5,low,1/27/16,2/1/16,2/1/16,2/1/16,1,1,NA,NA,NA,shoot
4,7,PAV,N+P,5,N,1/27/16,2/1/16,2/1/16,2/1/16,1,0,NA,NA,NA,shoot
4,7,PAV,N+P,5,N+P,1/27/16,2/1/16,2/1/16,2/1/16,1,0,NA,NA,NA,shoot
4,7,PAV,N+P,5,P,1/27/16,2/1/16,2/1/16,2/1/16,1,0,NA,NA,NA,shoot
4,7,PAV,P,5,low,1/27/16,2/1/16,2/1/16,2/1/16,1,0,NA,NA,NA,shoot
4,7,PAV,P,5,N,1/27/16,2/1/16,2/1/16,2/1/16,1,0,NA,NA,NA,shoot
4,7,PAV,P,5,N+P,1/27/16,2/1/16,2/1/16,2/1/16,1,0.5,NA,NA,NA,shoot
4,7,PAV,P,5,P,1/27/16,2/1/16,2/1/16,2/1/16,0,0,NA,NA,NA,shoot
4,8,RPV,low,5,low,5,4/8/15,4/20/15,4/21/15,0,1,NA,NA,NA,shoot
4,8,RPV,low,5,N,5,4/8/15,4/20/15,4/21/15,0,1,NA,NA,NA,shoot
4,8,RPV,low,5,N+P,5,4/8/15,4/20/15,4/21/15,0,0,NA,NA,NA,shoot
4,8,RPV,low,5,P,5,4/8/15,4/20/15,4/21/15,0,0.5,NA,NA,NA,shoot
4,8,RPV,N,5,low,10/6/15,10/10/15,10/10/15,10/11/15,0,1,NA,NA,NA,shoot
4,8,RPV,N,5,N,10/5/15,10/10/15,10/10/15,10/11/15,0,1,NA,NA,NA,shoot
4,8,RPV,N,5,N+P,10/6/15,10/10/15,10/10/15,10/11/15,0,1,NA,NA,NA,shoot
4,8,RPV,N,5,P,10/6/15,10/10/15,10/10/15,10/11/15,0,1,NA,NA,NA,shoot
4,8,RPV,N+P,5,low,2/18/16,2/19/16,2/19/16,2/19/16,0,1,NA,NA,NA,shoot
4,8,RPV,N+P,5,N,2/18/16,2/19/16,2/19/16,2/19/16,0,0,NA,NA,NA,shoot
4,8,RPV,N+P,5,N+P,2/18/16,2/19/16,2/19/16,2/19/16,0,1,NA,NA,NA,shoot
4,8,RPV,P,5,low,12/9/16,12/16/16,12/30/16,12/30/16,0,1,NA,NA,PAV and RPV ctrls didn't show up,shoot
4,8,RPV,P,5,N,12/9/16,12/16/16,12/30/16,12/30/16,0,1,NA,NA,PAV and RPV ctrls didn't show up,shoot
4,8,RPV,P,5,N+P,12/9/16,12/16/16,12/30/16,12/30/16,0,0.5,NA,NA,PAV and RPV ctrls didn't show up,shoot
4,8,RPV,P,5,P,12/9/16,12/16/16,12/30/16,12/30/16,0,1,NA,NA,PAV and RPV ctrls didn't show up,shoot
4,8,coinfection,low,5,low,2/8/16,2/12/16,2/12/16,2/12/16,0.5,1,NA,NA,NA,shoot
4,8,coinfection,low,5,N,2/8/16,2/12/16,2/12/16,2/12/16,0.5,1,NA,NA,NA,shoot
4,8,coinfection,low,5,N+P,2/8/16,2/12/16,2/12/16,2/12/16,1,1,NA,NA,NA,shoot
4,8,coinfection,low,5,P,2/8/16,2/12/16,2/12/16,2/12/16,1,1,NA,NA,NA,shoot
4,8,coinfection,N,5,low,10/6/15,10/10/15,10/10/15,10/11/15,0,1,NA,NA,NA,shoot
4,8,coinfection,N,5,N,10/5/15,10/10/15,10/10/15,10/11/15,0,1,NA,NA,NA,shoot
4,8,coinfection,N,5,N+P,10/5/15,10/10/15,10/10/15,10/11/15,0,1,NA,NA,NA,shoot
4,8,coinfection,N,5,P,10/6/15,10/10/15,10/10/15,10/11/15,1,1,NA,NA,NA,shoot
4,8,coinfection,N+P,5,low,2/8/16,2/12/16,2/12/16,2/12/16,0,1,NA,NA,NA,shoot
4,8,coinfection,N+P,5,N,2/8/16,2/12/16,2/12/16,2/12/16,1,1,NA,NA,NA,shoot
4,8,coinfection,N+P,5,N+P,2/8/16,2/12/16,2/12/16,2/12/16,1,1,NA,NA,NA,shoot
4,8,coinfection,N+P,5,P,2/8/16,2/12/16,2/12/16,2/12/16,0.5,1,NA,NA,NA,shoot
4,8,coinfection,P,5,low,2/8/16,2/12/16,2/12/16,2/12/16,0.5,0.5,NA,NA,NA,shoot
4,8,coinfection,P,5,N,2/8/16,2/12/16,2/12/16,2/12/16,1,1,NA,NA,NA,shoot
4,8,coinfection,P,5,N+P,2/8/16,2/12/16,2/12/16,2/12/16,1,1,NA,NA,NA,shoot
4,8,coinfection,P,5,P,2/8/16,2/12/16,2/12/16,2/12/16,1,1,NA,NA,NA,shoot
4,8,PAV,N,5,low,10/6/15,10/10/15,10/10/15,10/11/15,1,0.5,NA,NA,NA,shoot
4,8,PAV,N,5,N,10/6/15,10/10/15,10/10/15,10/11/15,1,0,NA,NA,NA,shoot
4,8,PAV,N,5,N+P,10/5/15,10/10/15,10/10/15,10/11/15,1,0,NA,NA,NA,shoot
4,8,PAV,N,5,P,10/6/15,10/10/15,10/10/15,10/11/15,1,1,NA,NA,NA,shoot
4,8,PAV,P,5,low,1/27/16,2/1/16,2/1/16,2/1/16,1,0,NA,NA,NA,shoot
4,8,PAV,P,5,N,1/27/16,2/1/16,2/1/16,2/1/16,1,0,NA,NA,NA,shoot
4,8,PAV,P,5,N+P,1/27/16,2/1/16,2/1/16,2/1/16,1,0,NA,NA,NA,shoot
4,8,PAV,P,5,P,1/27/16,2/1/16,2/1/16,2/1/16,1,0.5,NA,NA,NA,shoot