set,sample,nutrient,inoculation,time,invasion,replicate,expt_notes,no_analysis,freezer_bag_ID,extraction_date,tube_label,extraction_mass.mg,shoot_mass.g,extraction_notes,planned_qPCR_group
3P,P PAV T1 I 1,P,PAV,1,I,1,NA,NA,Ex 2 S3P T1,4/12/16,S3P PP1I1,48.6,0.2764,NA,1
3P,L PAV T1 S 1,L,PAV,1,S,1,NA,NA,Ex 2 S3P T1,4/12/16,S3P LP1S1,49,0.2403,NA,1
3P,L PAV T1 S 2,L,PAV,1,S,2,NA,NA,Ex 2 S3P T1,4/12/16,S3P LP1S2,49.2,0.2423,NA,1
3P,L PAV T1 I 1,L,PAV,1,I,1,NA,NA,Ex 2 S3P T1,4/12/16,S3P LP1I1,49.3,0.2452,NA,1
3P,N PAV T1 I 1,N,PAV,1,I,1,NA,NA,Ex 2 S3P T1,4/12/16,S3P NP1I1,50.3,0.3262,NA,1
3P,N PAV T1 S 1,N,PAV,1,S,1,NA,NA,Ex 2 S3P T1,4/12/16,S3P NP1S1,50.9,0.3628,NA,1
3P,P PAV T1 S 1,P,PAV,1,S,1,NA,NA,Ex 2 S3P T1,4/12/16,S3P PP1S1,51.5,0.261,NA,1
3P,NP PAV T1 I 1,NP,PAV,1,I,1,NA,NA,Ex 2 S3P T1,4/12/16,S3P NPP1I1,51.6,0.19,NA,1
3P,NP PAV T1 S 1,NP,PAV,1,S,1,NA,NA,Ex 2 S3P T1,4/12/16,S3P NPP1S1,52,0.2521,NA,1
3P,P PAV T2 S 2,P,PAV,2,S,2,NA,NA,Ex 2 S3P T2,4/12/16,S3P PP2S2,48.2,0.325,NA,2
3P,P PAV T2 S 1,P,PAV,2,S,1,NA,NA,Ex 2 S3P T2,4/12/16,S3P PP2S1,48.5,0.2266,NA,2
3P,L PAV T2 I 1,L,PAV,2,I,1,NA,NA,Ex 2 S3P T2,4/12/16,S3P LP2I1,49.1,0.1315,NA,2
3P,NP PAV T2 S 1,NP,PAV,2,S,1,NA,NA,Ex 2 S3P T2,4/12/16,S3P NPP2S1,49.2,0.41,NA,2
3P,L PAV T2 S 1,L,PAV,2,S,1,NA,NA,Ex 2 S3P T2,4/12/16,S3P LP2S1,49.5,0.246,NA,2
3P,NP PAV T2 I 1,NP,PAV,2,I,1,NA,NA,Ex 2 S3P T2,4/12/16,S3P NPP2I1,49.7,0.4181,NA,2
3P,N PAV T2 I 1,N,PAV,2,I,1,NA,NA,Ex 2 S3P T2,4/12/16,S3P NP2I1,50.1,0.15310000000000001,NA,2
3P,P PAV T2 I 1,P,PAV,2,I,1,NA,NA,Ex 2 S3P T2,4/12/16,S3P PP2I1,50.1,0.2246,NA,2
3P,N PAV T2 S 1,N,PAV,2,S,1,NA,NA,Ex 2 S3P T2,4/12/16,S3P NP2S1,51,0.3037,NA,2
3P,N PAV T3 S 1,N,PAV,3,S,1,NA,NA,Ex 2 S3P T3,4/14/16,S3P NP3S1,48.2,0.2924,NA,2
3P,N PAV T3 I 2,N,PAV,3,I,2,NA,NA,Ex 2 S3P T3,4/14/16,S3P NP3I2,49.3,0.298,NA,2
3P,P PAV T3 I 2,P,PAV,3,I,2,NA,NA,Ex 2 S3P T3,4/14/16,S3P PP3I2,49.5,0.2588,NA,2
3P,L PAV T3 S 1,L,PAV,3,S,1,NA,NA,Ex 2 S3P T3,4/14/16,S3P LP3S1,49.9,0.2592,NA,2
3P,N PAV T3 I 1,N,PAV,3,I,1,NA,NA,Ex 2 S3P T3,4/14/16,S3P NP3I1,50.1,0.3686,NA,2
3P,P PAV T3 I 1,P,PAV,3,I,1,NA,NA,Ex 2 S3P T3,4/14/16,S3P PP3I1,50.8,0.2572,NA,2
3P,P PAV T3 S 1,P,PAV,3,S,1,NA,NA,Ex 2 S3P T3,4/14/16,S3P PP3S1,51,0.1961,NA,2
3P,L PAV T3 I 1,L,PAV,3,I,1,NA,NA,Ex 2 S3P T3,4/14/16,S3P LP3I1,51.9,0.2514,NA,2
3P,NP PAV T3 I 1,NP,PAV,3,I,1,NA,NA,Ex 2 S3P T3,4/14/16,S3P NPP3I1,52.5,0.3575,NA,2
3P,L PAV T4 S 1,L,PAV,4,S,1,NA,NA,Ex 2 S3P T4,4/14/16,S3P LP4S1,48.5,0.2502,NA,2
3P,NP PAV T4 S 3,NP,PAV,4,S,3,NA,NA,Ex 2 S3P T4,4/14/16,S3P NPP4S3,49,0.3823,NA,2
3P,L PAV T4 I 1,L,PAV,4,I,1,NA,NA,Ex 2 S3P T4,4/14/16,S3P LP4I1,49.3,0.2491,small pellet,2
3P,P PAV T4 I 1,P,PAV,4,I,1,NA,NA,Ex 2 S3P T4,4/14/16,S3P PP4I1,49.3,0.2513,NA,3
3P,N PAV T4 I 1,N,PAV,4,I,1,NA,NA,Ex 2 S3P T4,4/14/16,S3P NP4I1,49.7,0.3877,NA,3
3P,N PAV T4 S 1,N,PAV,4,S,1,NA,NA,Ex 2 S3P T4,4/14/16,S3P NP4S1,50.9,0.4193,NA,3
3P,NP PAV T4 S 1,NP,PAV,4,S,1,NA,NA,Ex 2 S3P T4,4/14/16,S3P NPP4S1,51.1,0.3654,NA,3
3P,NP PAV T4 I 1,NP,PAV,4,I,1,NA,NA,Ex 2 S3P T4,4/14/16,S3P NPP4I1,52.5,0.4114,NA,3
3P,NP PAV T4 S 2,NP,PAV,4,S,2,NA,NA,Ex 2 S3P T4,4/14/16,S3P NPP4S2,53.1,0.3714,NA,3
3P,P PAV T4 S 1,P,PAV,4,S,1,NA,NA,Ex 2 S3P T4,4/14/16,S3P PP4S1,54,0.3004,NA,3
3P,NP PAV T5 I 1,NP,PAV,5,I,1,NA,NA,Ex 2 S3P T5,4/14/16,S3P NPP5I1,47.9,0.3346,NA,3
3P,N PAV T5 I 1,N,PAV,5,I,1,NA,NA,Ex 2 S3P T5,4/14/16,S3P NP5I1,48.7,0.3291,NA,3
3P,P PAV T5 S 1,P,PAV,5,S,1,NA,NA,Ex 2 S3P T5,4/14/16,S3P PP5S1,48.9,0.2402,NA,3
3P,L PAV T5 S 1,L,PAV,5,S,1,NA,NA,Ex 2 S3P T5,4/14/16,S3P LP5S1,49,0.2248,NA,3
3P,N PAV T5 S 1,N,PAV,5,S,1,NA,NA,Ex 2 S3P T5,4/14/16,S3P NP5S1,49.6,0.4139,NA,3
3P,L PAV T5 I 1,L,PAV,5,I,1,NA,NA,Ex 2 S3P T5,4/14/16,S3P LP5I1,49.9,0.1616,NA,3
3P,NP PAV T5 S 1,NP,PAV,5,S,1,NA,NA,Ex 2 S3P T5,4/14/16,S3P NPP5S1,52.1,0.3237,NA,3
3P,P PAV T5 I 1,P,PAV,5,I,1,NA,NA,Ex 2 S3P T5,4/14/16,S3P PP5I1,52.9,0.2319,NA,3
3R,N RPV T1 I 1,N,RPV,1,I,1,NA,NA,Ex 2 S3R T1,4/15/16,S3R NR1I1,48.7,0.1749,NA,3
3R,NP RPV T1 S 1,NP,RPV,1,S,1,NA,NA,Ex 2 S3R T1,4/15/16,S3R NPR1S1,48.7,0.364,NA,3
3R,N RPV T1 S 1,N,RPV,1,S,1,NA,NA,Ex 2 S3R T1,4/15/16,S3R NR1S1,50.3,0.2545,NA,3
3R,L RPV T1 S 1,L,RPV,1,S,1,NA,NA,Ex 2 S3R T1,4/15/16,S3R LR1S1,50.4,0.215,NA,3
3R,P RPV T1 S 1,P,RPV,1,S,1,NA,NA,Ex 2 S3R T1,4/15/16,S3R PR1S1,50.6,0.173,NA,3
3R,P RPV T1 I 1,P,RPV,1,I,1,NA,NA,Ex 2 S3R T1,4/15/16,S3R PR1I1,51.5,0.2016,NA,3
3R,L RPV T1 I 1,L,RPV,1,I,1,NA,NA,Ex 2 S3R T1,4/15/16,S3R LR1I1,52,0.2136,NA,4
3R,NP RPV T1 I 1,NP,RPV,1,I,1,NA,NA,Ex 2 S3R T1,4/15/16,S3R NPR1I1,52.2,0.2954,NA,4
3R,L RPV T2 S 1,L,RPV,2,S,1,NA,NA,Ex 2 S3R T2,4/15/16,S3R LR2S1,48.1,0.2278,NA,4
3R,NP RPV T2 S 1,NP,RPV,2,S,1,NA,NA,Ex 2 S3R T2,4/15/16,S3R NPR2S1,48.4,0.237,NA,4
3R,P RPV T2 I 1,P,RPV,2,I,1,NA,NA,Ex 2 S3R T2,4/15/16,S3R PR2I1,48.9,0.1552,NA,4
3R,NP RPV T2 I 1,NP,RPV,2,I,1,NA,NA,Ex 2 S3R T2,4/15/16,S3R NPR2I1,49.7,0.2243,NA,4
3R,L PAV T2 I 1,L,PAV,2,I,1,NA,NA,Ex 2 S3R T2,4/15/16,S3R LP2I1,51.1,0.2657,NA,4
3R,N RPV T2 S 1,N,RPV,2,S,1,NA,NA,Ex 2 S3R T2,4/15/16,S3R NR2S1,51.5,0.2023,NA,4
3R,P RPV T2 S 1,P,RPV,2,S,1,NA,NA,Ex 2 S3R T2,4/15/16,S3R PR2S1,52.5,0.2628,NA,4
3R,L RPV T2 I 1,L,RPV,2,I,1,NA,NA,Ex 2 S3R T2,4/15/16,S3R LR2I1,52.6,0.2029,NA,4
3R,N RPV T2 I 1,N,RPV,2,I,1,NA,NA,Ex 2 S3R T2,4/15/16,S3R NR2I1,53.4,0.3911,NA,4
3R,L RPV T3 S 1,L,RPV,3,S,1,NA,NA,Ex 2 S3R T3,4/15/16,S3R LR3S1,48.2,0.2476,NA,4
3R,N RPV T3 S 1,N,RPV,3,S,1,NA,NA,Ex 2 S3R T3,4/15/16,S3R NR3S1,48.5,0.344,NA,4
3R,NP RPV T3 S 1,NP,RPV,3,S,1,NA,NA,Ex 2 S3R T3,4/15/16,S3R NPR3S1,48.7,0.284,NA,4
3R,P RPV T3 S 2,P,RPV,3,S,2,NA,NA,Ex 2 S3R T3,4/15/16,S3R PR3S2,49.1,0.2793,NA,4
3R,NP PAV T3 S 1,NP,PAV,3,S,1,NA,NA,Ex 2 S3R T3,4/15/16,S3R NPP3S1,49.4,0.3553,NA,4
3R,P RPV T3 I 1,P,RPV,3,I,1,NA,NA,Ex 2 S3R T3,4/15/16,S3R PR3I1,49.5,0.2913,NA,4
3R,L RPV T3 I 1,L,RPV,3,I,1,NA,NA,Ex 2 S3R T3,4/15/16,S3R LR3I1,49.7,0.189,NA,4
3R,P RPV T3 S 1,P,RPV,3,S,1,NA,NA,Ex 2 S3R T3,4/15/16,S3R PR3S1,49.8,0.1834,NA,4
3R,NP RPV T3 I 1,NP,RPV,3,I,1,NA,NA,Ex 2 S3R T3,4/15/16,S3R NPR3I1,50.2,0.3258,NA,4
3R,N RPV T3 I 1,N,RPV,3,I,1,NA,NA,Ex 2 S3R T3,4/15/16,S3R NR3I1,51.3,0.4283,NA,4
1,NP PAV T1 S 1,NP,PAV,1,S,1,NA,NA,Ex 2 S1 T1,4/18/16,S1 NPP1S1,47.3,0.2358,NA,5
1,L PAV T1 S 2,L,PAV,1,S,2,NA,NA,Ex 2 S1 T1,4/18/16,S1 LP1S2,47.6,0.2891,NA,5
1,N PAV T1 S 1,N,PAV,1,S,1,NA,NA,Ex 2 S1 T1,4/18/16,S1 NP1S1,47.8,0.3288,NA,5
1,P PAV T1 S 2,P,PAV,1,S,2,NA,NA,Ex 2 S1 T1,4/18/16,S1 PP1S2,48,0.2351,NA,5
1,P PAV T1 S 1,P,PAV,1,S,1,NA,NA,Ex 2 S1 T1,4/18/16,S1 PP1S1,48.1,0.1741,NA,5
1,N RPV T1 I 1,N,RPV,1,I,1,NA,NA,Ex 2 S1 T1,4/18/16,S1 NR1I1,48.3,0.3368,NA,5
1,L PAV T1 I 1,L,PAV,1,I,1,NA,NA,Ex 2 S1 T1,4/18/16,S1 LP1I1,48.5,0.2765,NA,5
1,NP RPV T1 I 2,NP,RPV,1,I,2,NA,NA,Ex 2 S1 T1,4/18/16,S1 NPR1I2,48.5,0.3152,NA,5
1,NP PAV T1 I 1,NP,PAV,1,I,1,NA,NA,Ex 2 S1 T1,4/18/16,S1 NPP1I1,48.7,0.3769,NA,5
1,NP PAV T1 I 2,NP,PAV,1,I,2,NA,NA,Ex 2 S1 T1,4/18/16,S1 NPP1I2,48.7,0.397,NA,5
1,L PAV T1 I 2,L,PAV,1,I,2,NA,NA,Ex 2 S1 T1,4/18/16,S1 LP1I2,48.8,0.2265,NA,5
1,N PAV T1 I 1,N,PAV,1,I,1,NA,NA,Ex 2 S1 T1,4/18/16,S1 NP1I1,48.9,0.2512,NA,5
1,NP RPV T1 S 1,NP,RPV,1,S,1,NA,NA,Ex 2 S1 T1,4/18/16,S1 NPR1S1,49,0.2965,NA,5
1,P RPV T1 S 2,P,RPV,1,S,2,NA,NA,Ex 2 S1 T1,4/18/16,S1 PR1S2,49,0.1797,NA,5
1,L RPV T1 I 1,L,RPV,1,I,1,NA,NA,Ex 2 S1 T1,4/18/16,S1 LR1I1,49.5,0.1988,NA,5
1,L RPV T1 S 1,L,RPV,1,S,1,NA,NA,Ex 2 S1 T1,4/18/16,S1 LR1S1,49.8,0.3174,NA,5
1,NP RPV T1 S 2,NP,RPV,1,S,2,NA,NA,Ex 2 S1 T1,4/18/16,S1 NPR1S2,49.9,0.3,NA,5
1,P PAV T1 I 2,P,PAV,1,I,2,NA,NA,Ex 2 S1 T1,4/18/16,S1 PP1I2,49.9,0.2916,NA,5
1,N RPV T1 S 1,N,RPV,1,S,1,NA,NA,Ex 2 S1 T1,4/18/16,S1 NR1S1,50,0.3399,NA,5
1,P RPV T1 S 1,P,RPV,1,S,1,NA,NA,Ex 2 S1 T1,4/18/16,S1 PR1S1,50,0.2224,ExtMass estimated since I forgot to record it,5
1,N PAV T1 S 2,N,PAV,1,S,2,NA,NA,Ex 2 S1 T1,4/18/16,S1 NP1S2,50.3,0.2421,NA,5
1,N RPV T1 S 2,N,RPV,1,S,2,NA,NA,Ex 2 S1 T1,4/18/16,S1 NR1S2,50.8,0.2946,NA,6
1,L RPV T1 I 2,L,RPV,1,I,2,NA,NA,Ex 2 S1 T1,4/18/16,S1 LR1I2,50.9,0.2911,can't see pellet,6
1,NP PAV T1 S 2,NP,PAV,1,S,2,NA,NA,Ex 2 S1 T1,4/18/16,S1 NPP1S2,52.2,0.1829,NA,6
1,N PAV T1 I 2,N,PAV,1,I,2,NA,NA,Ex 2 S1 T1,4/18/16,S1 NP1I2,52.4,0.2972,can't see pellet,6
1,L RPV T1 S 2,L,RPV,1,S,2,NA,NA,Ex 2 S1 T1,4/18/16,S1 LR1S2,53.2,0.2005,NA,6
1,N RPV T1 I 2,N,RPV,1,I,2,NA,NA,Ex 2 S1 T1,4/18/16,S1 NR1I2,53.4,0.3193,NA,6
1,NP RPV T1 I 1,NP,RPV,1,I,1,NA,NA,Ex 2 S1 T1,4/18/16,S1 NPR1I1,54.4,0.3973,NA,6
1,P RPV T1 I 1,P,RPV,1,I,1,NA,NA,Ex 2 S1 T1,4/18/16,S1 PR1I1,54.4,0.2177,NA,6
1,P PAV T1 I 1,P,PAV,1,I,1,NA,NA,Ex 2 S1 T1,4/18/16,S1 PP1I1,54.7,0.2901,NA,6
1,NP RPV T2 I 2,NP,RPV,2,I,2,NA,NA,Ex 2 S1 T2,4/19/16,S1 NPR2I2,46.2,0.2676,NA,6
1,NP PAV T2 S 1,NP,PAV,2,S,1,NA,NA,Ex 2 S1 T2,4/19/16,S1 NPP2S1,48.2,0.3638,NA,6
1,L PAV T2 I 2,L,PAV,2,I,2,NA,NA,Ex 2 S1 T2,4/19/16,S1 LP2I2,48.9,0.2599,NA,6
1,NP PAV T2 S 2,NP,PAV,2,S,2,NA,NA,Ex 2 S1 T2,4/19/16,S1 NPP2S2,49,0.2069,NA,6
1,P RPV T2 S 2,P,RPV,2,S,2,NA,NA,Ex 2 S1 T2,4/19/16,S1 PR2S2,49,0.1838,NA,6
1,P PAV T2 I 2,P,PAV,2,I,2,NA,NA,Ex 2 S1 T2,4/19/16,S1 PP2I2,49.4,0.2623,NA,6
1,NP RPV T2 S 1,NP,RPV,2,S,1,NA,NA,Ex 2 S1 T2,4/19/16,S1 NPR2S1,49.7,0.2836,NA,6
1,N RPV T2 I 1,N,RPV,2,I,1,NA,NA,Ex 2 S1 T2,4/19/16,S1 NR2I1,49.8,0.3132,stringy pellet,6
1,P RPV T2 I 1,P,RPV,2,I,1,NA,NA,Ex 2 S1 T2,4/19/16,S1 PR2I1,49.8,0.1682,NA,6
1,N PAV T2 I 1,N,PAV,2,I,1,NA,NA,Ex 2 S1 T2,4/19/16,S1 NP2I1,49.9,0.2323,NA,6
1,P PAV T2 I 1,P,PAV,2,I,1,NA,NA,Ex 2 S1 T2,4/19/16,S1 PP2I1,50,0.2802,NA,6
1,NP RPV T2 S 2,NP,RPV,2,S,2,NA,NA,Ex 2 S1 T2,4/19/16,S1 NPR2S2,50.1,0.1779,NA,6
1,L PAV T2 I 1,L,PAV,2,I,1,NA,NA,Ex 2 S1 T2,4/19/16,S1 LP2I1,50.4,0.2379,NA,7
1,L PAV T2 S 2,L,PAV,2,S,2,NA,NA,Ex 2 S1 T2,4/19/16,S1 LP2S2,50.5,0.3566,NA,7
1,L RPV T2 S 2,L,RPV,2,S,2,NA,NA,Ex 2 S1 T2,4/19/16,S1 LR2S2,50.6,0.2654,NA,7
1,NP PAV T2 I 1,NP,PAV,2,I,1,NA,NA,Ex 2 S1 T2,4/19/16,S1 NPP2I1,50.7,0.2552,NA,7
1,NP PAV T2 I 2,NP,PAV,2,I,2,NA,NA,Ex 2 S1 T2,4/19/16,S1 NPP2I2,50.8,0.3629,NA,7
1,P RPV T2 I 2,P,RPV,2,I,2,NA,NA,Ex 2 S1 T2,4/19/16,S1 PR2I2,51.3,0.245,NA,7
1,N PAV T2 S 2,N,PAV,2,S,2,NA,NA,Ex 2 S1 T2,4/19/16,S1 NP2S2,51.6,0.2511,NA,7
1,NP RPV T2 I 1,NP,RPV,2,I,1,NA,NA,Ex 2 S1 T2,4/19/16,S1 NPR2I1,51.6,0.4587,NA,7
1,P PAV T2 S 2,P,PAV,2,S,2,NA,NA,Ex 2 S1 T2,4/19/16,S1 PP2S2,51.9,0.2401,NA,7
1,L PAV T2 S 1,L,PAV,2,S,1,NA,NA,Ex 2 S1 T2,4/19/16,S1 LP2S1,52.4,0.3053,NA,7
1,N RPV T2 I 2,N,RPV,2,I,2,NA,NA,Ex 2 S1 T2,4/19/16,S1 NR2I2,52.4,0.373,NA,7
1,L RPV T2 I 2,L,RPV,2,I,2,NA,NA,Ex 2 S1 T2,4/19/16,S1 LR2I2,52.7,0.3451,NA,7
1,L RPV T2 I 1,L,RPV,2,I,1,NA,NA,Ex 2 S1 T2,4/19/16,S1 LR2I1,53.3,0.34,NA,7
1,N PAV T2 I 2,N,PAV,2,I,2,NA,NA,Ex 2 S1 T2,4/19/16,S1 NP2I2,53.3,0.3267,NA,7
1,N RPV T2 S 2,N,RPV,2,S,2,NA,NA,Ex 2 S1 T2,4/19/16,S1 NR2S2,53.3,0.3421,NA,7
1,N PAV T2 S 1,N,PAV,2,S,1,NA,NA,Ex 2 S1 T2,4/19/16,S1 NP2S1,53.6,0.2432,NA,7
1,N RPV T2 S 1,N,RPV,2,S,1,NA,NA,Ex 2 S1 T2,4/19/16,S1 NR2S1,54.3,0.3747,NA,7
1,L RPV T2 S 1,L,RPV,2,S,1,NA,NA,Ex 2 S1 T2,4/19/16,S1 LR2S1,54.5,0.3055,NA,7
1,L RPV T4 I 1,L,RPV,4,I,1,NA,NA,Ex 2 S1 T4,4/21/16,S1 LR4I1,47.4,0.2713,NA,7
1,P PAV T4 S 1,P,PAV,4,S,1,NA,NA,Ex 2 S1 T4,4/21/16,S1 PP4S1,47.4,0.1485,NA,7
1,P RPV T4 S 2,P,RPV,4,S,2,NA,NA,Ex 2 S1 T4,4/21/16,S1 PR4S2,48,0.2163,NA,7
1,NP PAV T4 I 1,NP,PAV,4,I,1,NA,NA,Ex 2 S1 T4,4/21/16,S1 NPP4I1,48.3,0.3488,NA,8
1,P PAV T4 I 2,P,PAV,4,I,2,NA,NA,Ex 2 S1 T4,4/21/16,S1 PP4I2,48.4,0.2127,May be PP4S2. Both tubes were labelled PP4S2,8
1,N RPV T4 S 2,N,RPV,4,S,2,NA,NA,Ex 2 S1 T4,4/21/16,S1 NR4S2,48.6,0.255,NA,8
1,P PAV T4 I 1,P,PAV,4,I,1,NA,NA,Ex 2 S1 T4,4/21/16,S1 PP4I1,48.8,0.2348,NA,8
1,N PAV T4 S 1,N,PAV,4,S,1,NA,NA,Ex 2 S1 T4,4/21/16,S1 NP4S1,49,0.3459,small pellet,8
1,N RPV T4 I 1,N,RPV,4,I,1,NA,NA,Ex 2 S1 T4,4/21/16,S1 NR4I1,49.1,0.3371,NA,8
1,NP PAV T4 S 1,NP,PAV,4,S,1,NA,NA,Ex 2 S1 T4,4/21/16,S1 NPP4S1,49.3,0.3223,NA,8
1,N PAV T4 S 2,N,PAV,4,S,2,NA,NA,Ex 2 S1 T4,4/21/16,S1 NP4S2,49.5,0.3247,small pellet,8
1,L RPV T4 S 1,L,RPV,4,S,1,NA,NA,Ex 2 S1 T4,4/21/16,S1 LR4S1,49.6,0.1,NA,8
1,N PAV T4 I 1,N,PAV,4,I,1,NA,NA,Ex 2 S1 T4,4/21/16,S1 NP4I1,49.6,0.2817,small pellet,8
1,P RPV T4 I 1,P,RPV,4,I,1,NA,NA,Ex 2 S1 T4,4/21/16,S1 PR4I1,49.9,0.16,NA,8
1,L RPV T4 I 2,L,RPV,4,I,2,NA,NA,Ex 2 S1 T4,4/21/16,S1 LR4I2,50.3,0.2792,NA,8
1,P PAV T4 S 2,P,PAV,4,S,2,NA,NA,Ex 2 S1 T4,4/21/16,S1 PP4S2,50.3,0.2374,May be PP4I2. Both tubes were labelled PP4S2,8
1,NP RPV T4 I 2,NP,RPV,4,I,2,NA,NA,Ex 2 S1 T4,4/21/16,S1 NPR4I2,51,0.4169,NA,8
1,NP PAV T4 I 2,NP,PAV,4,I,2,NA,NA,Ex 2 S1 T4,4/21/16,S1 NPP4I2,51.8,0.3923,NA,8
1,P RPV T4 I 2,P,RPV,4,I,2,NA,NA,Ex 2 S1 T4,4/21/16,S1 PR4I2,51.9,0.2458,NA,8
1,N RPV T4 S 1,N,RPV,4,S,1,NA,NA,Ex 2 S1 T4,4/21/16,S1 NR4S1,52.9,0.3391,NA,8
1,L RPV T4 S 2,L,RPV,4,S,2,NA,NA,Ex 2 S1 T4,4/21/16,S1 LR4S2,53.4,0.2824,NA,8
1,P RPV T4 S 1,P,RPV,4,S,1,NA,NA,Ex 2 S1 T4,4/21/16,S1 PR4S1,53.7,0.2707,NA,8
1,N PAV T4 I 2,N,PAV,4,I,2,NA,NA,Ex 2 S1 T4,4/21/16,S1 NP4I2,53.9,0.2307,NA,8
1,NP RPV T4 S 1,NP,RPV,4,S,1,NA,NA,Ex 2 S1 T4,4/21/16,S1 NPR4S1,53.9,0.5511,NA,8
1,NP RPV T4 I 1,NP,RPV,4,I,1,NA,NA,Ex 2 S1 T4,4/21/16,S1 NPR4I1,54,0.332,NA,9
1,N RPV T4 I 2,N,RPV,4,I,2,NA,NA,Ex 2 S1 T4,4/21/16,S1 NR4I2,54.4,0.1509,NA,9
1,P PAV T3 S 1,P,PAV,3,S,1,NA,NA,Ex 2 S1 T3,4/25/16,S1 PP3S1,13.9,0.0387,plant mostly dead,9
1,L RPV T3 S 2,L,RPV,3,S,2,NA,NA,Ex 2 S1 T3,4/25/16,S1 LR3S2,47.2,0.271,NA,9
1,NP PAV T3 S 2,NP,PAV,3,S,2,NA,NA,Ex 2 S1 T3,4/25/16,S1 NPP3S2,47.4,0.1983,NA,9
1,N RPV T3 S 1,N,RPV,3,S,1,NA,NA,Ex 2 S1 T3,4/25/16,S1 NR3S1,47.8,0.421,NA,9
1,N PAV T3 I 2,N,PAV,3,I,2,NA,NA,Ex 2 S1 T3,4/25/16,S1 NP3I2,47.9,0.1206,NA,9
1,NP RPV T3 S 2,NP,RPV,3,S,2,NA,NA,Ex 2 S1 T3,4/25/16,S1 NPR3S2,47.9,0.205,NA,9
1,P PAV T3 I 1,P,PAV,3,I,1,NA,NA,Ex 2 S1 T3,4/25/16,S1 PP3I1,48.3,0.2163,stringy pellet,9
1,P RPV T3 S 1,P,RPV,3,S,1,NA,NA,Ex 2 S1 T3,4/25/16,S1 PR3S1,48.3,0.2186,NA,9
1,N RPV T3 I 2,N,RPV,3,I,2,NA,NA,Ex 2 S1 T3,4/25/16,S1 NR3I2,48.4,0.3659,NA,9
1,NP RPV T3 I 1,NP,RPV,3,I,1,NA,NA,Ex 2 S1 T3,4/25/16,S1 NPR3I1,49,0.2787,NA,9
1,N PAV T3 S 1,N,PAV,3,S,1,NA,NA,Ex 2 S1 T3,4/25/16,S1 NP3S1,49.1,0.18,can't see pellet,9
1,L RPV T3 I 2,L,RPV,3,I,2,NA,NA,Ex 2 S1 T3,4/25/16,S1 LR3I2,49.3,0.2018,NA,9
1,L PAV T3 I 1,L,PAV,3,I,1,NA,NA,Ex 2 S1 T3,4/25/16,S1 LP3I1,49.4,0.2009,NA,9
1,N PAV T3 S 2,N,PAV,3,S,2,NA,NA,Ex 2 S1 T3,4/25/16,S1 NP3S2,50.2,0.3567,NA,9
1,P RPV T3 S 2,P,RPV,3,S,2,NA,NA,Ex 2 S1 T3,4/25/16,S1 PR3S2,50.3,0.2096,NA,9
1,NP RPV T3 S 1,NP,RPV,3,S,1,NA,NA,Ex 2 S1 T3,4/25/16,S1 NPR3S1,50.6,0.4112,NA,9
1,NP PAV T3 I 2,NP,PAV,3,I,2,NA,NA,Ex 2 S1 T3,4/25/16,S1 NPP3I2,50.7,0.3767,NA,9
1,P RPV T3 I 1,P,RPV,3,I,1,NA,NA,Ex 2 S1 T3,4/25/16,S1 PR3I1,50.9,0.3184,NA,9
1,N RPV T3 S 2,N,RPV,3,S,2,NA,NA,Ex 2 S1 T3,4/25/16,S1 NR3S2,51,0.1289,NA,9
1,NP PAV T3 S 1,NP,PAV,3,S,1,NA,NA,Ex 2 S1 T3,4/25/16,S1 NPP3S1,51.1,0.2906,NA,10
1,L PAV T3 S 2,L,PAV,3,S,2,NA,NA,Ex 2 S1 T3,4/25/16,S1 LP3S2,51.2,0.2787,NA,10
1,P PAV T3 S 2,P,PAV,3,S,2,NA,NA,Ex 2 S1 T3,4/25/16,S1 PP3S2,51.5,0.2592,NA,10
1,NP PAV T3 I 1,NP,PAV,3,I,1,NA,NA,Ex 2 S1 T3,4/25/16,S1 NPP3I1,51.6,0.2296,NA,10
1,L PAV T3 S 1,L,PAV,3,S,1,NA,NA,Ex 2 S1 T3,4/25/16,S1 LP3S1,52.3,0.3052,NA,10
1,N RPV T3 I 1,N,RPV,3,I,1,NA,NA,Ex 2 S1 T3,4/25/16,S1 NR3I1,53.3,0.4678,NA,10
1,L RPV T3 S 1,L,RPV,3,S,1,NA,NA,Ex 2 S1 T3,4/25/16,S1 LR3S1,53.6,0.2865,NA,10
1,P PAV T3 I 2,P,PAV,3,I,2,NA,NA,Ex 2 S1 T3,4/25/16,S1 PP3I2,54,0.3336,NA,10
1,L PAV T3 I 2,L,PAV,3,I,2,NA,NA,Ex 2 S1 T3,4/25/16,S1 LP3I2,54.2,0.2822,NA,10
1,L RPV T3 I 1,L,RPV,3,I,1,NA,NA,Ex 2 S1 T3,4/25/16,S1 LR3I1,54.3,0.3036,NA,10
1,NP RPV T3 I 2,NP,RPV,3,I,2,NA,NA,Ex 2 S1 T3,4/25/16,S1 NPR3I2,54.3,0.3884,NA,10
2,NP RPV T3 I 2,NP,RPV,3,I,2,NA,NA,Ex 2 S2 T3,4/26/16,S2 NPR3I2,47,0.3814,NA,10
2,L RPV T3 I 2,L,RPV,3,I,2,NA,NA,Ex 2 S2 T3,4/26/16,S2 LR3I2,47.6,0.2095,NA,10
2,N PAV T3 I 1,N,PAV,3,I,1,NA,NA,Ex 2 S2 T3,4/26/16,S2 NP3I1,48.1,0.2783,NA,10
2,L PAV T3 I 1,L,PAV,3,I,1,NA,NA,Ex 2 S2 T3,4/26/16,S2 LP3I1,48.5,0.2978,small pellet,10
2,N RPV T3 I 2,N,RPV,3,I,2,broke leaf when killing aphids prior to invasion IAP,NA,Ex 2 S2 T3,4/26/16,S2 NR3I2,48.6,0.3551,NA,10
2,P PAV T3 S 2,P,PAV,3,S,2,NA,NA,Ex 2 S2 T3,4/26/16,S2 PP3S2,48.6,0.2769,NA,10
2,N PAV T3 S 1,N,PAV,3,S,1,NA,NA,Ex 2 S2 T3,4/26/16,S2 NP3S1,48.7,0.2441,NA,10
2,N RPV T3 S 2,N,RPV,3,S,2,NA,NA,Ex 2 S2 T3,4/26/16,S2 NR3S2,48.7,0.4009,NA,10
2,P RPV T3 I 2,P,RPV,3,I,2,NA,NA,Ex 2 S2 T3,4/26/16,S2 PR3I2,49,0.2684,NA,10
2,P RPV T3 S 2,P,RPV,3,S,2,NA,NA,Ex 2 S2 T3,4/26/16,S2 PR3S2,49,0.2264,small pellet,10
2,N PAV T3 S 2,N,PAV,3,S,2,NA,NA,Ex 2 S2 T3,4/26/16,S2 NP3S2,49.1,0.3031,NA,11
2,N RPV T3 S 1,N,RPV,3,S,1,NA,NA,Ex 2 S2 T3,4/26/16,S2 NR3S1,49.1,0.2417,NA,11
2,L RPV T3 S 1,L,RPV,3,S,1,NA,NA,Ex 2 S2 T3,4/26/16,S2 LR3S1,49.4,0.2107,small pellet,11
2,L PAV T3 S 2,L,PAV,3,S,2,NA,NA,Ex 2 S2 T3,4/26/16,S2 LP3S2,49.8,0.2183,NA,11
2,NP PAV T3 S 1,NP,PAV,3,S,1,NA,NA,Ex 2 S2 T3,4/26/16,S2 NPP3S1,50,0.2511,NA,11
2,P RPV T3 I 1,P,RPV,3,I,1,NA,NA,Ex 2 S2 T3,4/26/16,S2 PR3I1,50,0.3218,small pellet,11
2,P PAV T3 I 1,P,PAV,3,I,1,NA,NA,Ex 2 S2 T3,4/26/16,S2 PP3I1,50.1,0.2661,NA,11
2,NP RPV T3 S 1,NP,RPV,3,S,1,NA,NA,Ex 2 S2 T3,4/26/16,S2 NPR3S1,50.2,0.2899,NA,11
2,NP PAV T3 I 1,NP,PAV,3,I,1,NA,NA,Ex 2 S2 T3,4/26/16,S2 NPP3I1,50.3,0.2154,NA,11
2,L PAV T3 S 1,L,PAV,3,S,1,NA,NA,Ex 2 S2 T3,4/26/16,S2 LP3S1,50.8,0.3135,small pellet,11
2,NP PAV T3 I 2,NP,PAV,3,I,2,NA,NA,Ex 2 S2 T3,4/26/16,S2 NPP3I2,50.8,0.2259,NA,11
2,N RPV T3 I 1,N,RPV,3,I,1,NA,NA,Ex 2 S2 T3,4/26/16,S2 NR3I1,50.9,0.3299,NA,11
2,NP RPV T3 I 1,NP,RPV,3,I,1,NA,NA,Ex 2 S2 T3,4/26/16,S2 NPR3I1,51.2,0.4492,NA,11
2,NP RPV T3 S 2,NP,RPV,3,S,2,NA,NA,Ex 2 S2 T3,4/26/16,S2 NPR3S2,51.6,0.4776,NA,11
2,L RPV T3 I 1,L,RPV,3,I,1,NA,NA,Ex 2 S2 T3,4/26/16,S2 LR3I1,52,0.222,NA,11
2,NP PAV T3 S 2,NP,PAV,3,S,2,NA,NA,Ex 2 S2 T3,4/26/16,S2 NPP3S2,52.2,0.2237,NA,11
2,P PAV T3 S 1,P,PAV,3,S,1,NA,NA,Ex 2 S2 T3,4/26/16,S2 PP3S1,52.2,0.2928,NA,11
2,N PAV T3 I 2,N,PAV,3,I,2,NA,NA,Ex 2 S2 T3,4/26/16,S2 NP3I2,52.8,0.3365,NA,11
2,L PAV T3 I 2,L,PAV,3,I,2,NA,NA,Ex 2 S2 T3,4/26/16,S2 LP3I2,53.4,0.3172,NA,11
2,L RPV T3 S 2,L,RPV,3,S,2,NA,NA,Ex 2 S2 T3,4/26/16,S2 LR3S2,54.2,0.2637,NA,11
2,P PAV T2 S 2,P,PAV,2,S,2,NA,NA,Ex 2 S2 T2,4/28/16,S2 PP2S2,47.1,0.2797,NA,11
2,NP RPV T2 I 1,NP,RPV,2,I,1,NA,NA,Ex 2 S2 T2,4/28/16,S2 NPR2I1,48,0.2762,NA,12
2,NP PAV T2 S 1,NP,PAV,2,S,1,NA,NA,Ex 2 S2 T2,4/28/16,S2 NPP2S1,48.2,0.3143,NA,12
2,L PAV T2 S 2,L,PAV,2,S,2,NA,NA,Ex 2 S2 T2,4/28/16,S2 LP2S2,48.3,0.1207,NA,12
2,NP PAV T2 I 1,NP,PAV,2,I,1,NA,NA,Ex 2 S2 T2,4/28/16,S2 NPP2I1,48.6,0.2809,NA,12
2,L RPV T2 I 2,L,RPV,2,I,2,NA,NA,Ex 2 S2 T2,4/28/16,S2 LR2I2,49,0.2384,NA,12
2,NP RPV T2 S 2,NP,RPV,2,S,2,NA,NA,Ex 2 S2 T2,4/28/16,S2 NPR2S2,49,0.2199,NA,12
2,L PAV T2 I 2,L,PAV,2,I,2,NA,NA,Ex 2 S2 T2,4/28/16,S2 LP2I2,49.1,0.2843,NA,12
2,NP PAV T2 S 2,NP,PAV,2,S,2,NA,NA,Ex 2 S2 T2,4/28/16,S2 NPP2S2,49.2,0.1936,NA,12
2,L RPV T2 S 1,L,RPV,2,S,1,NA,NA,Ex 2 S2 T2,4/28/16,S2 LR2S1,49.6,0.2642,NA,12
2,P RPV T2 S 1,P,RPV,2,S,1,NA,NA,Ex 2 S2 T2,4/28/16,S2 PR2S1,49.8,0.1661,NA,12
2,L PAV T2 S 1,L,PAV,2,S,1,NA,NA,Ex 2 S2 T2,4/28/16,S2 LP2S1,49.9,0.2384,NA,12
2,P RPV T2 I 1,P,RPV,2,I,1,NA,NA,Ex 2 S2 T2,4/28/16,S2 PR2I1,50.5,0.1931,NA,12
2,N RPV T2 S 1,N,RPV,2,S,1,NA,NA,Ex 2 S2 T2,4/28/16,S2 NR2S1,50.6,0.3098,NA,12
2,N PAV T2 I 2,N,PAV,2,I,2,NA,NA,Ex 2 S2 T2,4/28/16,S2 NP2I2,51.1,0.2201,NA,12
2,NP RPV T2 I 2,NP,RPV,2,I,2,NA,NA,Ex 2 S2 T2,4/28/16,S2 NPR2I2,51.1,0.3396,NA,12
2,NP RPV T2 S 1,NP,RPV,2,S,1,NA,NA,Ex 2 S2 T2,4/28/16,S2 NPR2S1,51.1,0.1155,NA,12
2,N RPV T2 S 2,N,RPV,2,S,2,NA,NA,Ex 2 S2 T2,4/28/16,S2 NR2S2,51.3,0.2277,NA,12
2,N RPV T2 I 1,N,RPV,2,I,1,NA,NA,Ex 2 S2 T2,4/28/16,S2 NR2I1,51.7,0.1578,NA,12
2,P PAV T2 I 2,P,PAV,2,I,2,NA,NA,Ex 2 S2 T2,4/28/16,S2 PP2I2,51.7,0.1655,NA,12
2,P RPV T2 S 2,P,RPV,2,S,2,NA,NA,Ex 2 S2 T2,4/28/16,S2 PR2S2,52,0.1965,NA,12
2,L RPV T2 S 2,L,RPV,2,S,2,NA,NA,Ex 2 S2 T2,4/28/16,S2 LR2S2,52.6,0.2172,NA,12
2,P RPV T2 I 2,P,RPV,2,I,2,NA,NA,Ex 2 S2 T2,4/28/16,S2 PR2I2,52.6,0.2201,NA,13
2,N PAV T2 S 1,N,PAV,2,S,1,NA,NA,Ex 2 S2 T2,4/28/16,S2 NP2S1,52.8,0.1366,NA,13
2,NP PAV T2 I 2,NP,PAV,2,I,2,NA,NA,Ex 2 S2 T2,4/28/16,S2 NPP2I2,53,0.3068,NA,13
2,P PAV T2 S 1,P,PAV,2,S,1,NA,NA,Ex 2 S2 T2,4/28/16,S2 PP2S1,53,0.2807,NA,13
2,P PAV T2 I 1,P,PAV,2,I,1,NA,NA,Ex 2 S2 T2,4/28/16,S2 PP2I1,53.3,0.234,NA,13
2,L RPV T2 I 1,L,RPV,2,I,1,NA,NA,Ex 2 S2 T2,4/28/16,S2 LR2I1,53.7,0.2191,NA,13
2,N PAV T2 I 1,N,PAV,2,I,1,NA,NA,Ex 2 S2 T2,4/28/16,S2 NP2I1,53.7,0.335,NA,13
2,N PAV T2 S 2,N,PAV,2,S,2,NA,NA,Ex 2 S2 T2,4/28/16,S2 NP2S2,54.6,0.2471,NA,13
1,P PAV T5 S 1,P,PAV,5,S,1,NA,NA,Ex 2 S1 T5,5/2/16,S1 PP5S1,47.8,0.1854,NA,13
1,N PAV T5 S 2,N,PAV,5,S,2,NA,NA,Ex 2 S1 T5,5/2/16,S1 NP5S2,48.5,0.1222,NA,13
1,N PAV T5 I 1,N,PAV,5,I,1,NA,NA,Ex 2 S1 T5,5/2/16,S1 NP5I1,48.6,0.1623,NA,13
1,N PAV T5 S 1,N,PAV,5,S,1,NA,NA,Ex 2 S1 T5,5/2/16,S1 NP5S1,48.6,0.2253,NA,13
1,P PAV T5 I 1,P,PAV,5,I,1,NA,NA,Ex 2 S1 T5,5/2/16,S1 PP5I1,48.9,0.1836,NA,13
1,L PAV T5 S 2,L,PAV,5,S,2,NA,NA,Ex 2 S1 T5,5/2/16,S1 LP5S2,49,0.2974,NA,13
1,P RPV T5 I 1,P,RPV,5,I,1,NA,NA,Ex 2 S1 T5,5/2/16,S1 PR5I1,49.1,0.2665,NA,13
1,L RPV T5 I 1,L,RPV,5,I,1,NA,NA,Ex 2 S1 T5,5/2/16,S1 LR5I1,49.6,0.2675,NA,13
1,N RPV T5 S 1,N,RPV,5,S,1,NA,NA,Ex 2 S1 T5,5/2/16,S1 NR5S1,49.8,0.4464,NA,13
1,N RPV T5 I 2,N,RPV,5,I,2,NA,NA,Ex 2 S1 T5,5/2/16,S1 NR5I2,49.9,0.368,NA,13
1,P RPV T5 S 1,P,RPV,5,S,1,NA,NA,Ex 2 S1 T5,5/2/16,S1 PR5S1,49.9,0.2738,NA,13
1,P RPV T5 S 2,P,RPV,5,S,2,NA,NA,Ex 2 S1 T5,5/2/16,S1 PR5S2,49.9,0.182,NA,13
1,L PAV T5 I 1,L,PAV,5,I,1,NA,NA,Ex 2 S1 T5,5/2/16,S1 LP5I1,50.5,0.2009,NA,13
1,N RPV T5 S 2,N,RPV,5,S,2,NA,NA,Ex 2 S1 T5,5/2/16,S1 NR5S2,51,0.5822,NA,14
1,NP RPV T5 I 1,NP,RPV,5,I,1,NA,NA,Ex 2 S1 T5,5/2/16,S1 NPR5I1,51.2,0.4361,NA,14
1,L PAV T5 S 1,L,PAV,5,S,1,NA,NA,Ex 2 S1 T5,5/2/16,S1 LP5S1,51.4,0.2271,NA,14
1,L RPV T5 I 2,L,RPV,5,I,2,NA,NA,Ex 2 S1 T5,5/2/16,S1 LR5I2,51.7,0.1807,NA,14
1,N PAV T5 I 2,N,PAV,5,I,2,NA,NA,Ex 2 S1 T5,5/2/16,S1 NP5I2,51.7,0.3828,NA,14
1,NP RPV T5 S 1,NP,RPV,5,S,1,NA,NA,Ex 2 S1 T5,5/2/16,S1 NPR5S1,51.8,0.4663,NA,14
1,P RPV T5 I 2,P,RPV,5,I,2,NA,NA,Ex 2 S1 T5,5/2/16,S1 PR5I2,52.2,0.2184,NA,14
1,NP PAV T5 I 1,NP,PAV,5,I,1,NA,NA,Ex 2 S1 T5,5/2/16,S1 NPP5I1,52.3,0.3889,NA,14
1,NP PAV T5 S 1,NP,PAV,5,S,1,NA,NA,Ex 2 S1 T5,5/2/16,S1 NPP5S1,52.5,0.4008,NA,14
1,L RPV T5 S 1,L,RPV,5,S,1,NA,NA,Ex 2 S1 T5,5/2/16,S1 LR5S1,52.8,0.2765,NA,14
1,NP RPV T5 I 2,NP,RPV,5,I,2,NA,NA,Ex 2 S1 T5,5/2/16,S1 NPR5I2,52.9,0.368,NA,14
1,NP PAV T5 S 2,NP,PAV,5,S,2,NA,NA,Ex 2 S1 T5,5/2/16,S1 NPP5S2,53,0.4596,NA,14
1,P PAV T5 S 2,P,PAV,5,S,2,NA,NA,Ex 2 S1 T5,5/2/16,S1 PP5S2,53,0.2272,NA,14
1,L PAV T5 I 2,L,PAV,5,I,2,NA,NA,Ex 2 S1 T5,5/2/16,S1 LP5I2,53.2,0.0961,NA,14
1,P PAV T5 I 2,P,PAV,5,I,2,NA,NA,Ex 2 S1 T5,5/2/16,S1 PP5I2,53.4,0.2104,NA,14
1,N RPV T5 I 1,N,RPV,5,I,1,NA,NA,Ex 2 S1 T5,5/2/16,S1 NR5I1,54,0.2942,NA,14
1,L RPV T5 S 2,L,RPV,5,S,2,NA,NA,Ex 2 S1 T5,5/2/16,S1 LR5S2,54.3,0.3,NA,14
2,NP RPV T1 S 2,NP,RPV,1,S,2,NA,NA,Ex 2 S2 T1,5/3/16,S2 NPR1S2,47.6,0.316,NA,14
2,N PAV T1 I 2,N,PAV,1,I,2,NA,NA,Ex 2 S2 T1,5/3/16,S2 NP1I2,48.4,0.202,NA,14
2,N PAV T1 S 1,N,PAV,1,S,1,NA,NA,Ex 2 S2 T1,5/3/16,S2 NP1S1,48.6,0.1986,NA,14
2,L RPV T1 I 2,L,RPV,1,I,2,NA,NA,Ex 2 S2 T1,5/3/16,S2 LR1I2,48.8,0.2895,NA,14
2,NP RPV T1 I 2,NP,RPV,1,I,2,NA,NA,Ex 2 S2 T1,5/3/16,S2 NPR1I2,48.8,0.2054,NA,15
2,P PAV T1 S 2,P,PAV,1,S,2,NA,NA,Ex 2 S2 T1,5/3/16,S2 PP1S2,48.8,0.1627,NA,15
2,N PAV T1 I 1,N,PAV,1,I,1,NA,NA,Ex 2 S2 T1,5/3/16,S2 NP1I1,48.9,0.3179,NA,15
2,N RPV T1 I 2,N,RPV,1,I,2,NA,NA,Ex 2 S2 T1,5/3/16,S2 NR1I2,49.4,0.3789,NA,15
2,NP PAV T1 S 2,NP,PAV,1,S,2,NA,NA,Ex 2 S2 T1,5/3/16,S2 NPP1S2,49.7,0.4033,NA,15
2,P PAV T1 S 1,P,PAV,1,S,1,NA,NA,Ex 2 S2 T1,5/3/16,S2 PP1S1,49.7,0.2345,NA,15
2,NP PAV T1 S 1,NP,PAV,1,S,1,NA,NA,Ex 2 S2 T1,5/3/16,S2 NPP1S1,49.8,0.2412,NA,15
2,NP PAV T1 I 2,NP,PAV,1,I,2,NA,NA,Ex 2 S2 T1,5/3/16,S2 NPP1I2,50,0.3502,NA,15
2,L RPV T1 S 2,L,RPV,1,S,2,NA,NA,Ex 2 S2 T1,5/3/16,S2 LR1S2,50.3,0.2613,NA,15
2,L PAV T1 I 2,L,PAV,1,I,2,NA,NA,Ex 2 S2 T1,5/3/16,S2 LP1I2,50.6,0.2463,NA,15
2,N PAV T1 S 2,N,PAV,1,S,2,NA,NA,Ex 2 S2 T1,5/3/16,S2 NP1S2,50.8,0.3664,NA,15
2,N RPV T1 S 2,N,RPV,1,S,2,NA,NA,Ex 2 S2 T1,5/3/16,S2 NR1S2,50.8,0.3172,NA,15
2,NP PAV T1 I 1,NP,PAV,1,I,1,NA,NA,Ex 2 S2 T1,5/3/16,S2 NPP1I1,51.2,0.2859,NA,15
2,NP RPV T1 I 1,NP,RPV,1,I,1,NA,NA,Ex 2 S2 T1,5/3/16,S2 NPR1I1,51.4,0.276,NA,15
2,N RPV T1 I 1,N,RPV,1,I,1,NA,NA,Ex 2 S2 T1,5/3/16,S2 NR1I1,51.5,0.2698,NA,15
2,P PAV T1 I 2,P,PAV,1,I,2,NA,NA,Ex 2 S2 T1,5/3/16,S2 PP1I2,51.5,0.2112,NA,15
2,P RPV T1 I 1,P,RPV,1,I,1,NA,NA,Ex 2 S2 T1,5/3/16,S2 PR1I1,51.5,0.2548,NA,15
2,P RPV T1 I 2,P,RPV,1,I,2,NA,NA,Ex 2 S2 T1,5/3/16,S2 PR1I2,51.7,0.2324,NA,15
2,P RPV T1 S 2,P,RPV,1,S,2,NA,NA,Ex 2 S2 T1,5/3/16,S2 PR1S2,51.9,0.2651,NA,15
2,L PAV T1 S 2,L,PAV,1,S,2,NA,NA,Ex 2 S2 T1,5/3/16,S2 LP1S2,52,0.2149,NA,15
2,L RPV T1 I 1,L,RPV,1,I,1,NA,NA,Ex 2 S2 T1,5/3/16,S2 LR1I1,52,0.1866,NA,15
2,L PAV T1 I 1,L,PAV,1,I,1,NA,NA,Ex 2 S2 T1,5/3/16,S2 LP1I1,52.8,0.2432,NA,16
2,N RPV T1 S 1,N,RPV,1,S,1,NA,NA,Ex 2 S2 T1,5/3/16,S2 NR1S1,53.5,0.1652,NA,16
2,P PAV T1 I 1,P,PAV,1,I,1,NA,NA,Ex 2 S2 T1,5/3/16,S2 PP1I1,53.5,0.2909,NA,16
2,NP RPV T1 S 1,NP,RPV,1,S,1,NA,NA,Ex 2 S2 T1,5/3/16,S2 NPR1S1,53.9,0.3369,NA,16
2,P RPV T1 S 1,P,RPV,1,S,1,NA,NA,Ex 2 S2 T1,5/3/16,S2 PR1S1,54,0.0623,NA,16
2,NP RPV T4 I 2,NP,RPV,4,I,2,NA,NA,Ex 2 S2 T4,5/4/16,S2 NPR4I2,47.8,0.3114,can't see pellet,16
2,P PAV T4 S 2,P,PAV,4,S,2,NA,NA,Ex 2 S2 T4,5/4/16,S2 PP4S2,48.1,0.2843,NA,16
2,NP RPV T4 I 1,NP,RPV,4,I,1,NA,NA,Ex 2 S2 T4,5/4/16,S2 NPR4I1,48.3,0.4293,NA,16
2,NP PAV T4 S 2,NP,PAV,4,S,2,NA,NA,Ex 2 S2 T4,5/4/16,S2 NPP4S2,49,0.2371,NA,16
2,N PAV T4 I 2,N,PAV,4,I,2,NA,NA,Ex 2 S2 T4,5/4/16,S2 NP4I2,49.9,0.4259,can't see pellet,16
2,NP PAV T4 I 2,NP,PAV,4,I,2,NA,NA,Ex 2 S2 T4,5/4/16,S2 NPP4I2,49.9,0.3245,can't see pellet,16
2,L RPV T4 I 1,L,RPV,4,I,1,NA,NA,Ex 2 S2 T4,5/4/16,S2 LR4I1,50.5,0.2616,NA,16
2,P PAV T4 I 1,P,PAV,4,I,1,NA,NA,Ex 2 S2 T4,5/4/16,S2 PP4I1,50.5,0.1763,NA,16
2,P RPV T4 S 1,P,RPV,4,S,1,NA,NA,Ex 2 S2 T4,5/4/16,S2 PR4S1,50.9,0.329,NA,16
2,N RPV T4 S 1,N,RPV,4,S,1,NA,NA,Ex 2 S2 T4,5/4/16,S2 NR4S1,51,0.4197,NA,16
2,P PAV T4 I 2,P,PAV,4,I,2,NA,NA,Ex 2 S2 T4,5/4/16,S2 PP4I2,51,0.3319,NA,16
2,N RPV T4 I 2,N,RPV,4,I,2,NA,NA,Ex 2 S2 T4,5/4/16,S2 NR4I2,51.3,0.2594,NA,16
2,NP PAV T4 I 1,NP,PAV,4,I,1,NA,NA,Ex 2 S2 T4,5/4/16,S2 NPP4I1,51.3,0.4256,NA,16
2,N RPV T4 I 1,N,RPV,4,I,1,NA,NA,Ex 2 S2 T4,5/4/16,S2 NR4I1,51.8,0.2552,NA,16
2,L RPV T4 S 1,L,RPV,4,S,1,NA,NA,Ex 2 S2 T4,5/4/16,S2 LR4S1,52.5,0.2918,NA,16
2,N PAV T4 S 2,N,PAV,4,S,2,NA,NA,Ex 2 S2 T4,5/4/16,S2 NP4S2,52.5,0.4135,NA,16
2,P RPV T4 S 2,P,RPV,4,S,2,NA,NA,Ex 2 S2 T4,5/4/16,S2 PR4S2,52.5,0.3273,NA,17
2,NP RPV T4 S 2,NP,RPV,4,S,2,NA,NA,Ex 2 S2 T4,5/4/16,S2 NPR4S2,53,0.4352,NA,17
2,P RPV T4 I 2,P,RPV,4,I,2,NA,NA,Ex 2 S2 T4,5/4/16,S2 PR4I2,53.2,0.3086,NA,17
2,L PAV T4 S 1,L,PAV,4,S,1,NA,NA,Ex 2 S2 T4,5/4/16,S2 LP4S1,53.3,0.3054,can't see pellet,17
2,L RPV T4 S 2,L,RPV,4,S,2,NA,NA,Ex 2 S2 T4,5/4/16,S2 LR4S2,53.4,0.286,NA,17
2,N RPV T4 S 2,N,RPV,4,S,2,NA,NA,Ex 2 S2 T4,5/4/16,S2 NR4S2,53.9,0.3642,stringy pellet,17
2,L RPV T4 I 2,L,RPV,4,I,2,NA,NA,Ex 2 S2 T4,5/4/16,S2 LR4I2,54.8,0.2801,NA,17
2,P RPV T4 I 1,P,RPV,4,I,1,NA,NA,Ex 2 S2 T4,5/4/16,S2 PR4I1,54.8,0.269,NA,17
2,P PAV T4 S 1,P,PAV,4,S,1,NA,NA,Ex 2 S2 T4,5/4/16,S2 PP4S1,54.9,0.3106,NA,17
2,N PAV T5 S 2,N,PAV,5,S,2,NA,NA,Ex 2 S2 T5,5/6/16,S2 NP5S2,48,0.3047,NA,17
2,NP PAV T5 S 2,NP,PAV,5,S,2,NA,NA,Ex 2 S2 T5,5/6/16,S2 NPP5S2,48.6,0.4674,NA,17
2,NP PAV T5 I 1,NP,PAV,5,I,1,NA,NA,Ex 2 S2 T5,5/6/16,S2 NPP5I1,49.1,0.3858,NA,17
2,P PAV T5 I 2,P,PAV,5,I,2,NA,NA,Ex 2 S2 T5,5/6/16,S2 PP5I2,49.3,0.2103,NA,17
2,N PAV T5 S 1,N,PAV,5,S,1,NA,NA,Ex 2 S2 T5,5/6/16,S2 NP5S1,49.5,0.4053,NA,17
2,NP PAV T5 I 2,NP,PAV,5,I,2,NA,NA,Ex 2 S2 T5,5/6/16,S2 NPP5I2,50.1,0.3521,NA,17
2,L PAV T5 S 1,L,PAV,5,S,1,NA,NA,Ex 2 S2 T5,5/6/16,S2 LP5S1,50.5,0.2109,NA,17
2,N RPV T5 I 1,N,RPV,5,I,1,NA,NA,Ex 2 S2 T5,5/6/16,S2 NR5I1,50.5,0.3869,NA,17
2,N RPV T5 S 1,N,RPV,5,S,1,NA,NA,Ex 2 S2 T5,5/6/16,S2 NR5S1,50.5,0.3244,NA,17
2,L RPV T5 S 2,L,RPV,5,S,2,NA,NA,Ex 2 S2 T5,5/6/16,S2 LR5S2,50.6,0.2756,NA,17
2,L PAV T5 I 2,L,PAV,5,I,2,NA,NA,Ex 2 S2 T5,5/6/16,S2 LP5I2,50.8,0.2686,NA,17
2,N PAV T5 I 2,N,PAV,5,I,2,NA,NA,Ex 2 S2 T5,5/6/16,S2 NP5I2,50.9,0.1872,NA,17
2,L RPV T5 I 1,L,RPV,5,I,1,NA,NA,Ex 2 S2 T5,5/6/16,S2 LR5I1,51,0.3272,NA,18
2,P RPV T5 I 1,P,RPV,5,I,1,NA,NA,Ex 2 S2 T5,5/6/16,S2 PR5I1,51,0.2211,NA,18
2,NP RPV T5 S 2,NP,RPV,5,S,2,NA,NA,Ex 2 S2 T5,5/6/16,S2 NPR5S2,51.1,0.3201,NA,18
2,N PAV T5 I 1,N,PAV,5,I,1,NA,NA,Ex 2 S2 T5,5/6/16,S2 NP5I1,51.3,0.4037,NA,18
2,N RPV T5 I 2,N,RPV,5,I,2,NA,NA,Ex 2 S2 T5,5/6/16,S2 NR5I2,51.3,0.2229,NA,18
2,NP RPV T5 I 1,NP,RPV,5,I,1,NA,NA,Ex 2 S2 T5,5/6/16,S2 NPR5I1,51.5,0.3105,NA,18
2,L RPV T5 S 1,L,RPV,5,S,1,NA,NA,Ex 2 S2 T5,5/6/16,S2 LR5S1,51.8,0.1965,NA,18
2,P RPV T5 I 2,P,RPV,5,I,2,NA,NA,Ex 2 S2 T5,5/6/16,S2 PR5I2,51.8,0.2874,NA,18
2,L PAV T5 I 1,L,PAV,5,I,1,NA,NA,Ex 2 S2 T5,5/6/16,S2 LP5I1,52,0.2454,NA,18
2,P RPV T5 S 2,P,RPV,5,S,2,NA,NA,Ex 2 S2 T5,5/6/16,S2 PR5S2,52.2,0.2695,NA,18
2,L RPV T5 I 2,L,RPV,5,I,2,NA,NA,Ex 2 S2 T5,5/6/16,S2 LR5I2,52.4,0.2848,NA,18
2,NP RPV T5 S 1,NP,RPV,5,S,1,NA,NA,Ex 2 S2 T5,5/6/16,S2 NPR5S1,52.7,0.203,NA,18
2,P PAV T5 S 2,P,PAV,5,S,2,NA,NA,Ex 2 S2 T5,5/6/16,S2 PP5S2,53.3,0.2214,NA,18
2,NP RPV T5 I 2,NP,RPV,5,I,2,NA,NA,Ex 2 S2 T5,5/6/16,S2 NPR5I2,53.4,0.3113,NA,18
2,P PAV T5 I 1,P,PAV,5,I,1,NA,NA,Ex 2 S2 T5,5/6/16,S2 PP5I1,54,0.2168,NA,18
2,N RPV T5 S 2,N,RPV,5,S,2,NA,NA,Ex 2 S2 T5,5/6/16,S2 NR5S2,54.1,0.3643,NA,18
2,L PAV T5 S 2,L,PAV,5,S,2,NA,NA,Ex 2 S2 T5,5/6/16,S2 LP5S2,54.6,0.1935,NA,18
2,NP PAV T5 S 1,NP,PAV,5,S,1,NA,NA,Ex 2 S2 T5,5/6/16,S2 NPP5S1,54.7,0.4691,NA,18
1,P RPV T3 I 2,P,RPV,3,I,2,NA,NA,Ex 2 S1 T3,5/26/16,S1 PR3I2,54.2,0.2929,NA,18
1,NP PAV T5 I 2,NP,PAV,5,I,2,NA,NA,Ex 2 S1 T5,5/26/16,S1 NPP5I2,48.2,0.2171,NA,18
1,NP RPV T5 S 2,NP,RPV,5,S,2,NA,NA,Ex 2 S1 T5,5/26/16,S1 NPR5S2,49.7,0.4126,NA,18
1,L PAV T5 S 3,L,PAV,5,S,3,"Planned to sample at T1, but sampled at T5. May be labelled as L PAV T1 S 1.",NA,Ex 2 S1 T5,5/26/16,S1 LP5S3,52.2,0.2855,NA,19
2,L RPV T1 S 1,L,RPV,1,S,1,NA,NA,Ex 2 S2 T1,5/26/16,S2 LR1S1,51.3,0.1682,NA,19
2,L PAV T1 S 1,L,PAV,1,S,1,NA,NA,Ex 2 S2 T1,5/26/16,S2 LP1S1,53.1,0.3516,NA,19
2,L PAV T4 I 1,L,PAV,4,I,1,NA,NA,Ex 2 S2 T4,5/26/16,S2 LP4I1,31.1,0.118,"re-do from 5/4/16, used all tissue",19
2,L PAV T4 I 2,L,PAV,4,I,2,NA,NA,Ex 2 S2 T4,5/26/16,S2 LP4I2,48.9,0.3751,re-do from 5/4/16,19
2,NP RPV T4 S 1,NP,RPV,4,S,1,NA,NA,Ex 2 S2 T4,5/26/16,S2 NPR4S1,49.4,0.3752,NA,19
2,N PAV T4 I 1,N,PAV,4,I,1,NA,NA,Ex 2 S2 T4,5/26/16,S2 NP4I1,49.8,0.3071,re-do from 5/4/16,19
2,N PAV T4 S 1,N,PAV,4,S,1,NA,NA,Ex 2 S2 T4,5/26/16,S2 NP4S1,52.9,0.2936,re-do from 5/4/16,19
2,L PAV T4 S 2,L,PAV,4,S,2,NA,NA,Ex 2 S2 T4,5/26/16,S2 LP4S2,53,0.2359,re-do from 5/4/16,19
2,P PAV T5 S 1,P,PAV,5,S,1,broke cage off leaf after invasion IAP,1,Ex 2 S2 T5,5/26/16,S2 PP5S1,48.2,0.1214,didn't mean to extract. I meant to do PR5S1,19
3R,L RPV T4 I 1,L,RPV,4,I,1,NA,NA,Ex 2 S3R T4,5/26/16,S3R LR4I1,48.6,0.2265,NA,19
3R,NP RPV T4 I 1,NP,RPV,4,I,1,NA,NA,Ex 2 S3R T4,5/26/16,S3R NPR4I1,48.9,0.3061,NA,19
3R,NP RPV T4 S 1,NP,RPV,4,S,1,NA,NA,Ex 2 S3R T4,5/26/16,S3R NPR4S1,49,0.2011,NA,19
3R,N RPV T4 I 1,N,RPV,4,I,1,NA,NA,Ex 2 S3R T4,5/26/16,S3R NR4I1,49.2,0.3734,NA,19
3R,P RPV T4 I 1,P,RPV,4,I,1,NA,NA,Ex 2 S3R T4,5/26/16,S3R PR4I1,50.6,0.1667,NA,19
3R,L RPV T4 S 1,L,RPV,4,S,1,NA,NA,Ex 2 S3R T4,5/26/16,S3R LR4S1,51.5,0.268,NA,19
3R,N RPV T4 S 1,N,RPV,4,S,1,NA,NA,Ex 2 S3R T4,5/26/16,S3R NR4S1,52.1,0.1919,NA,19
3R,P RPV T4 S 1,P,RPV,4,S,1,NA,NA,Ex 2 S3R T4,5/26/16,S3R PR4S1,53.7,0.1517,NA,19
3R,NP RPV T5 S 1,NP,RPV,5,S,1,NA,NA,Ex 2 S3R T5,5/26/16,S3R NPR5S1,48.9,0.1712,NA,19
3R,P RPV T5 S 1,P,RPV,5,S,1,NA,NA,Ex 2 S3R T5,5/26/16,S3R PR5S1,49,0.1966,NA,19
3R,L RPV T5 I 1,L,RPV,5,I,1,NA,NA,Ex 2 S3R T5,5/26/16,S3R LR5I1,49.2,0.2202,NA,19
3R,N RPV T5 S 1,N,RPV,5,S,1,NA,NA,Ex 2 S3R T5,5/26/16,S3R NR5S1,49.9,0.2036,NA,20
3R,P PAV T5 S 1,P,PAV,5,S,1,NA,NA,Ex 2 S3R T5,5/26/16,S3R PP4S1,51.1,0.2348,NA,20
3R,NP RPV T5 I 1,NP,RPV,5,I,1,NA,NA,Ex 2 S3R T5,5/26/16,S3R NPR5I1,52.2,0.423,NA,20
3R,P RPV T5 I 1,P,RPV,5,I,1,NA,NA,Ex 2 S3R T5,5/26/16,S3R PR5I1,53.8,0.1623,NA,20
3R,N RPV T5 I 1,N,RPV,5,I,1,NA,NA,Ex 2 S3R T5,5/26/16,S3R NR5I1,54,0.3887,NA,20
3R,L RPV T5 S 1,L,RPV,5,S,1,NA,NA,Ex 2 S3R T5,5/26/16,S3R LR5S1,55,0.1656,NA,20
1,L PAV T4 I 2,L,PAV,4,I,2,NA,NA,Ex 2 S1 T4,12/9/16,S1 LP4I2,47.1,0.2106,"re-do from 4/21/16, in front -80",20
1,L PAV T4 S 1,L,PAV,4,S,1,NA,NA,Ex 2 S1 T4,12/9/16,S1 LP4S1,47.8,0.2167,"re-do from 4/21/16, didn't see pellet, in front -80",20
1,L PAV T4 I 1,L,PAV,4,I,1,NA,NA,Ex 2 S1 T4,12/9/16,S1 LP4I1,49.5,0.3309,"re-do from 4/21/16, didn't see pellet, in front -80",20
1,L PAV T4 S 2,L,PAV,4,S,2,NA,NA,Ex 2 S1 T4,12/9/16,S1 LP4S2,53.6,0.194,"re-do from 4/21/16, didn't see pellet, in front -80",20
1,P RPV T1 I 2,P,RPV,1,I,2,cage split open and only 2 aphids inside at end of IAP,1,Ex 2 S1 T1,NA,NA,NA,NA,NA,NA
1,P PAV T2 S 1,P,PAV,2,S,1,no aphids put in cages,1,Ex 2 S1 T2,NA,NA,NA,NA,NA,NA
1,P RPV T2 S 1,P,RPV,2,S,1,broke cage off leaf after invasion IAP,1,Ex 2 S1 T2,NA,NA,NA,NA,NA,NA
1,N PAV T3 I 1,N,PAV,3,I,1,broke cage off leaf after invasion IAP,1,Ex 2 S1 T3,NA,NA,NA,NA,NA,NA
1,NP PAV T4 S 2,NP,PAV,4,S,2,no aphids put in cages,1,Ex 2 S1 T4,NA,NA,NA,NA,NA,NA
1,NP RPV T4 S 2,NP,RPV,4,S,2,broke cage off leaf after invasion IAP,1,Ex 2 S1 T4,NA,NA,NA,NA,NA,NA
2,L PAV T2 I 1,L,PAV,2,I,1,broke cage off leaf after invasion IAP,1,Ex 2 S2 T2,NA,NA,NA,NA,NA,NA
2,N RPV T2 I 2,N,RPV,2,I,2,broke cage off leaf after invasion IAP,1,Ex 2 S2 T2,NA,NA,NA,NA,NA,NA
2,P PAV T3 I 2,P,PAV,3,I,2,Infected older leaf during invasion IAP because new leaf fell off,1,Ex 2 S2 T3,NA,NA,NA,NA,NA,NA
2,P RPV T3 S 1,P,RPV,3,S,1,broke cage off leaf after invasion IAP,1,Ex 2 S2 T3,NA,NA,NA,NA,NA,NA
2,NP PAV T4 S 1,NP,PAV,4,S,1,broke leaf with cage after IAP,1,Ex 2 S2 T4,NA,NA,NA,NA,NA,NA
2,P RPV T5 S 1,P,RPV,5,S,1,NA,NA,Ex 2 S2 T5,NA,NA,NA,NA,"didn't extract. I meant to do it, but did PP5S1 instead",NA
3P,L PAV T2 I 2,L,PAV,2,I,2,"broke cage off leaf after invasion IAP, notebook says replicate number is 3, but it seems like it should be 1 or 2",1,Ex 2 S3P T2,NA,NA,NA,NA,NA,NA
3P,NP PAV T3 S 1,NP,PAV,3,S,1,plant not present at harvesting time,1,Ex 2 S3P T3,NA,NA,NA,NA,NA,NA
3R,P RPV T1 I 2,P,RPV,1,I,2,didn't get inoculated,1,Ex 2 S3R T1,NA,NA,NA,NA,NA,NA
3R,N RPV T2 I 2,N,RPV,2,I,2,didn't get inoculated,1,Ex 2 S3R T2,NA,NA,NA,NA,NA,NA
3R,P RPV T2 S 2,P,RPV,2,S,2,didn't get inoculated,1,Ex 2 S3R T2,NA,NA,NA,NA,NA,NA
3R,NP RPV T4 S 2,NP,RPV,4,S,2,didn't get inoculated,1,Ex 2 S3R T4,NA,NA,NA,NA,NA,NA
